lemma_id,lemma
1,(unverständlich)
2,hmm
3,jungschi
4,brunch
5,i
6,ha
7,so
8,e
9,hunne
10,lachfläsh
11,gha
12,u
13,de
14,het
15,tönt
16,wie
17,ne
18,verreckendi
19,seerobbe
20,när
21,(.)
22,di
23,chlini
24,ganz
25,zit
26,sie
27,nomau
28,müesse
29,afa
30,lache
31,das
32,isch
33,öppe
34,zwöi
35,minute
36,gange
37,mhm
38,ehm
39,einisch
40,im
41,monet
42,okay
43,guet
44,wär
45,viu
46,aber
47,mir
48,hei
49,semester
50,numme
51,oder
52,tüe
53,zmörgele
54,brunche
55,mit
56,späck
57,eier
58,wichtig
59,dr
60,speck
61,henne
62,höche
63,bi
64,üs
65,ja
66,richtig
67,gruusig
68,we
69,d
70,muesch
71,brate
72,wüu
73,es
74,fett
75,wo
76,use
77,chunnt
78,heimer
79,ufruume
80,after
81,time
82,meistens
83,öpper
84,vorbereitet
85,irgendwie
86,XXX
87,itz
88,läsä
89,mer
90,nes
91,buech
92,vertöife
93,rächt
94,kompliziert
95,eis
96,mau
97,bini
98,vou
99,nid
100,drus
101,cho
102,mou
103,has
104,verstange
105,weisch
106,was
107,gits
108,aues
109,evangeliste
110,prophete
111,vo
112,hirte
113,schregstrich
114,lehrer
115,no
116,öppis
117,dritts
118,haut
119,chli
120,gluegt
121,mache
122,die
123,für
124,ufgabe
125,gsi
126,uhu
127,hää
128,äbä
129,erst
130,däm
131,woni
132,drbi
133,vorher
134,micros
135,speziautag
136,(unverständich)
137,si
138,asträngend
139,chöi
140,nei
141,teiuwis
142,ize
143,gd
144,wuuche
145,hani
146,nerv
147,angeri
148,wuuchene
149,o
150,scho
151,weiss
152,wieso
153,normau
154,oh
155,ching
156,eifach
157,är
158,trotzphase
159,streikt
160,total
161,ga
162,bisle
163,nassi
164,hose
165,nöii
166,alege
167,sicher
168,zä
169,ufem
170,chaute
171,bode
172,ghocket
173,sich
174,wöue
175,leg
176,ungerhose
177,a
178,m
179,tth
180,fingi
181,eh
182,hasse
183,chopfhörer
184,an
185,dès
186,immer
187,usegö
188,zäme
189,aui
190,gsehsch
191,se
192,grüppli
193,ds
194,THUN
195,am
196,bahnhof
197,jede
198,ei
199,airpod
200,dinne
201,dänksch
202,kasperlitheäterli
203,fühle
204,krassischte
205,zwöufi
206,simer
207,bäbelet
208,wart
209,da
210,ir
211,sächste
212,imu
213,(...)
214,weissi
215,bach
216,spaziere
217,picknick
218,ässe
219,chleider
220,rägehose
221,aus
222,rägejacke
223,agleit
224,ufghänkt
225,bir
226,chrüzig
227,einfach
228,nüm
229,usecho
230,hüt
231,zu
232,tags
233,meh
234,meine
235,kita
236,äs
237,umgheit
238,ufstah
239,ihri
240,häng
241,wei
242,tue
243,wüue
244,dräckig
245,gseht
246,fau
247,luschtig
248,us
249,hiufi
250,imfau
251,dä
252,uf
253,hä
254,zwar
255,hesch
256,du
257,nie
258,sand
259,gspiut
260,auso
261,burg
262,bout
263,womer
264,heisst
265,pastor
266,stimmt
267,genau
268,dörfe
269,sandburge
270,beurteile
271,CARAMBAR
272,derfür
273,becho
274,verlore
275,denn
276,heis
277,vergä
278,üsi
279,cool
280,angere
281,förmli
282,ig
283,äbe
284,süsch
285,idee
286,bade
287,gar
288,doch
289,abe
290,gheisse
291,ischs
292,duss
293,cheuter
294,meer
295,zur
296,duschi
297,hets
298,häre
299,ah
300,duusche
301,mr
302,zrügg
303,häregleit
304,nüt
305,bracht
306,gloub
307,"s'isch"
308,nachem
309,zähni
310,(..)
311,jahr
312,chrank
313,hehe
314,mehrmaus
315,ni
316,fit
317,würk
318,mage
319,darm
320,uhem
321,mi
322,fründ
323,me
324,jung
325,villech
326,gschider
327,em
328,bändeli
329,tuusche
330,wed
331,all
332,inclusive
333,einte
334,zaut
335,art
336,chasch
337,enang
338,usgä
339,verstahnis
340,dass
341,wosch
342,häufe
343,lizisch
344,hotel
345,kultur
346,sowieso
347,guets
348,agebot
349,macht
350,übere
351,huufe
352,vor
353,auem
354,gfaketi
355,überau
356,sis
357,gmerkt
358,chönnte
359,ihm
360,gä
361,verstahs
362,äuä
363,heftig
364,dach
365,agsteute
366,(....)
367,komisch
368,chef
369,gseit
370,verstah
371,nis
372,VOLG
373,kontrolliere
374,niso
375,gchouft
376,ahh
377,zwölf
378,jährige
379,klar
380,dörfte
381,sies
382,verchoufe
383,kirschstängeli
384,wer
385,besuuft
386,aube
387,mim
388,vater
389,fein
390,gfunge
391,baileys
392,gno
393,schlückli
394,porbiere
395,chrazet
396,wii
397,wää
398,bier
399,gärn
400,trinkes
401,je
402,nachdem
403,CHOPFAB
404,ender
405,[irgend
406,buh
407,eh]
408,geburi
409,hönne
410,gstört
411,speter
412,erste
413,überhoupt
414,bsoffe
415,wäres
416,drücke
417,id
418,finger
419,zie
420,zersch
421,schue
422,ab
423,SOMMERSBY
424,mega
425,finge
426,strängi
427,istellig
428,diskutiert
429,zue
430,hallo
431,bso
432,besoffe
433,gö
434,suufe
435,verstahni
436,geisch
437,[
438,]
439,losisch
440,zü
441,musig
442,dine
443,airpods
444,bisch
445,snapchat
446,ungerwägs
447,snappisch
448,snaps
449,obwohl
450,chöntsch
451,rede
452,blödele
453,tschüss
454,angers
455,dir
456,heit
457,nech
458,troffe
459,zum
460,sondern
461,z
462,fiire
463,und
464,chum
465,biite
466,sinn
467,säge
468,dicht
469,wuuchenänd
470,längwilig
471,niemer
472,wider
473,trinke
474,exit
475,probiert
476,spile
477,spili
478,meusch
479,schwirig
480,mittlere
481,extremere
482,dehei
483,müesses
484,muess
485,mä
486,namitag
487,chönt
488,dudes
489,chligruppe
490,konzentriert
491,(unverständllich)
492,headis
493,würd
494,is
495,griff
496,dassi
497,hätt
498,müesste
499,wirsch
500,abgfüut
501,abfüue
502,chaschs
503,wasser
504,insta
505,gläse
506,spass
507,gnue
508,trunke
509,anger
510,usegheit
511,rouhockeyler
512,sogar
513,uttige
514,zuefällig
515,nimmi
516,lug
517,nachbarschft
518,scheisse
519,summer
520,hauetraining
521,aha
522,musikalisch
523,sportlech
524,alphorn
525,horn
526,unihockey
527,einzigi
528,krass
529,räscht
530,usegfulet
531,sportler
532,künstlerklasse
533,normali
534,gymerklasse
535,(.....)
536,woah
537,hm
538,ghöri
539,drzue
540,momänt
541,auber
542,lang
543,bänder
544,lengere
545,usfau
546,cha
547,dür
548,usm
549,sportgymer
550,usegheie
551,(.......)
552,wow
553,inland
554,umgäbig
555,bern
556,fändi
557,chaut
558,biwakne
559,BLUEME
560,fasch
561,möge
562,ufe
563,loufe
564,dänkt
565,zää
566,heiligeschwändi
567,rehaklinik
568,gwüsst
569,haub
570,stung
571,lenger
572,iih
573,rucksack
574,schwerer
575,jakobsweg
576,kilo
577,euf
578,drüü
579,liter
580,pfännli
581,wäg
582,nächste
583,morge
584,liechter
585,gschickt
586,packet
587,inegstopft
588,trage
589,machts
590,super
591,hiufsbereit
592,meischte
593,(........)
594,smartcamp
595,dert
596,nacht
597,ungerkunft
598,müessä
599,[suechä]
600,hammer
601,huh
602,ugh
603,verbringe
604,ohni
605,schwoscht
606,mh
607,ächt
608,gspannt
609,bös
610,gmeint
611,gseh
612,leitigsperson
613,seit
614,sehr
615,hingerfragt
616,überlege
617,chömet
618,weisi
619,hingerfrage
620,söfu
621,läbes
622,dänker
623,macher(..)
624,sache
625,bim
626,gloube
627,houptsach
628,wot
629,orte
630,fänd
631,HAWAII
632,fiume
633,wunderschön
634,dört
635,schei
636,takiitos
637,takentos
638,schön
639,schöni
640,insle
641,zimlech
642,ribi
643,ömu
644,HOHTÜRLI
645,kientalersiite
646,alpe
647,umgekehrte
648,tempo
649,umgekehrti
650,reihefolg
651,änne
652,aso
653,LOCHMÄNNER
654,äne
655,OESCHINE
656,OESCHINESEE
657,blaus
658,hey
659,gstange
660,achegluegt
661,söu
662,beschribe
663,passiert
664,ernst
665,jetzt
666,dünkt
667,ZAKYNTHOS
668,berührt
669,touristisch
670,afang
671,dobe
672,lüt
673,[achä
674,gsehsch]
675,desto
676,witer
677,ache
678,turnschuhe
679,touriste
680,geit
681,sit
682,misstritt
683,gfährdet
684,ufegloffe
685,git
686,itzä
687,dings
688,shuttletaxi
689,taustation
690,see
691,füre
692,eine
693,bärge
694,bruchsch
695,au
696,touris
697,gröselis
698,hingere
699,chöme
700,ufene
701,ume
702,chunnsch
703,rund
704,bergstation
705,vorauem
706,berge
707,natur
708,hashtag
709,naturelife
710,dene
711,schueh
712,naturmönsch
713,richtige
714,naturmönsche
715,go
716,for
717,GRETA
718,uh
719,loufsch
720,wenn
721,eifacher
722,nimmsch
723,wanderwäg
724,würklech
725,chline
726,wägli
727,unger
728,ändi
729,nünti
730,klass
731,wandere
732,ihrer
733,familie
734,ihre
735,brüetsch
736,cousine
737,ihrä
738,kennt
739,zwöit
740,egau
741,geng
742,emu
743,ufeloufe
744,gmüetlech
745,kennes
746,mers
747,gwannet
748,wanderschueh
749,agha
750,usgrüstet
751,losgloffe
752,schnäu
753,mini
754,hüft
755,tuet
756,weh
757,mis
758,chnöi
759,tape
760,paar
761,blibe
762,stah
763,louf
764,düre
765,jedes
766,ahautisch
767,aloufe
768,wius
769,kraft
770,chostet
771,zieh
772,füüf
773,pouse
774,machsch
775,atrengender
776,zmittagspouse
777,gäbiger
778,gspüre
779,gloubt
780,verbi
781,gloffe
782,tja
783,"s'muess"
784,säuber
785,merke
786,ewigs
787,bruucht
788,wott
789,schlächt
790,ke
791,ahnig
792,schäacht
793,mah
794,geits
795,dim
796,fuess
797,dunger
798,zug
799,gwartet
800,ihres
801,mami
802,wenier
803,happig
804,erinnerig
805,teu
806,maches
807,weniger
808,fing
809,wenigstens
810,bähnli
811,ok
812,(......)
813,irgend
814,letschti
815,chönnti
816,allei
817,füess
818,tag
819,hie
820,bis
821,TAFERS
822,LAUSANNE
823,räschtleche
824,vier
825,easy
826,verschneit
827,obe
828,RÜEGGISBERG
829,SEFTIGE
830,drüber
831,daheime
832,vorwärts
833,zwungnegi
834,glich
835,erfrore
836,während
837,dasch
838,füfezwänzigi
839,spontan
840,ungerwegs
841,SPANIE
842,SANTIAGO
843,DE
844,COMPOSTELA
845,ziu
846,vili
847,EUROPA
848,"s'git"
849,er
850,weg
851,wegnetz
852,chönne
853,ustuusche
854,zwöite
855,hert
856,gägä
857,schluss
858,ta
859,glänk
860,ilageshole
861,chiller
862,surre
863,nach
864,"wüu's"
865,natürlech
866,gross
867,jammeri
868,nä
869,chöimer
870,bitte
871,wüeschtischte
872,ufgä
873,frag
874,hätti
875,[nie]
876,igestah
877,würdsch
878,härä
879,kenne
880,möchti
881,fröid
882,täg
883,weni
884,überleit
885,fänds
886,cooler
887,flugi
888,vom
889,ort
890,flüge
891,über
892,RUSSLAND
893,ASIE
894,müglechkeite
895,outo
896,vermide
897,ines
898,land
899,beschte
900,englisch
901,schaffe
902,irgenwie
903,baarkeepere
904,mitzt
905,inne
906,erläbsch
907,(.........)
908,luegsch
909,irgendwiä
910,beach
911,resort
912,iiheimische
913,offe
914,erläbe
915,itze
916,reise
917,IRLAND
918,mönet
919,greist
920,büürin
921,glehrt
922,SCHWEIZ
923,irendwie
924,ene
925,farm
926,kontakt
927,mitbecho
928,jap
929,frage
930,wenni
931,haube
932,siite
933,odr
934,mueter
935,schwoschte
936,einti
937,wäre
938,cousins
939,zwüscheziit
940,ahang
941,nur
942,häufti
943,wiehnachte
944,gfiiret
945,dere
946,grosi
947,alass
948,get
949,ready
950,höhö
951,heter
952,komischi
953,haar
954,za
955,afro
956,afrikanischs
957,schwizer
958,locke
959,usgseh
960,hoi
961,mai
962,afangs
963,märz
964,wemes
965,hundert
966,äch
967,wieder
968,day
969,hi
970,gfahre
971,irgendöpperem
972,louft
973,ämu
974,vortragszüg
975,umeghocket
976,motivation
977,burgdorfer
978,heits
979,steit
980,druf
981,abzie
982,letscht
983,wärde
984,euter
985,aut
986,baud
987,sibzähni
988,eigentlech
989,gfüue
990,sig
991,wet
992,sibe
993,sächzähni
994,üses
995,team
996,aluegsch
997,äutischt
998,wird
999,füfezwänzgi
1000,zwöiezwänzgi
1001,einezwänzgi
1002,junge
1003,hüratet
1004,ersch
1005,hürate
1006,imne
1007,atrag
1008,gas
1009,nächscht
1010,herbst
1011,gliichziitig
1012,erfahre
1013,räschte
1014,verlobt
1015,location
1016,rot
1017,süess
1018,süesse
1019,sirup
1020,fium
1021,luege
1022,glace
1023,luscht
1024,chips
1025,öich
1026,labberä
1027,müesst
1028,ufschribe
1029,berndütsch
1030,gredt
1031,hochdütsch
1032,gmacht
1033,hätte
1034,hättisch
1035,play
1036,hättses
1037,ufgschribe
1038,eutereabe
1039,ganze
1040,zite
1041,höhöhö
1042,dütschi
1043,verstöh
1044,schwiizerdütsch
1045,wod
1046,müeh
1047,mitm
1048,diskussionsrundine
1049,tische
1050,eint
1051,tisch
1052,umegluegt
1053,eus
1054,teuwis
1055,extrem
1056,lose
1057,CHASPERLI
1058,hin
1059,PAW
1060,PATROL
1061,FEUERWEHRMANN
1062,SAM(.)
1063,kassette
1064,wir
1065,spielen
1066,drei
1067,hund
1068,zahle
1069,sechzighundert
1070,werden
1071,züg
1072,gnau
1073,härzig
1074,wünscht
1075,gschwüsterti
1076,code
1077,gott
1078,g
1079,t
1080,s
1081,bibu
1082,gschmückt
1083,p
1084,figürli
1085,gester
1086,zwö
1087,langsam
1088,näme
1089,SKYE
1090,ROCKY
1091,wobble
1092,ghöre
1093,verezeue
1094,hüete
1095,wunschliste
1096,handy
1097,füehre
1098,möcht
1099,uuh
1100,wünschisch
1101,eilech
1102,uhh
1103,schänke
1104,liebi
1105,wünsche
1106,lockestab
1107,vortag
1108,gwäsche
1109,gsehts
1110,wes
1111,ghüsteret
1112,usgseht
1113,verstrublet
1114,wä
1115,finges
1116,gfauts
1117,hase
1118,typische
1119,rossschwanz
1120,gle-
1121,uftue
1122,drum
1123,wickle
1124,glette
1125,läbe
1126,glettet
1127,stress
1128,beidi
1129,gwitzlet
1130,steisch
1131,viertu
1132,ufgtange
1133,haubi
1134,eim
1135,längt
1136,söue
1137,billet
1138,löse
1139,chumi
1140,fahrt
1141,mine
1142,luegä
1143,velo
1144,bschlosse
1145,wäggsecklet
1146,veloständer
1147,ungädüre
1148,füfedriisg
1149,nünedriisg
1150,ganzi
1151,igfahre
1152,seckle
1153,gumpe
1154,dänke
1155,grüeni
1156,ringli
1157,türe
1158,grüene
1159,nümme
1160,liebe
1161,lockfüehrer
1162,nächher
1163,hetter
1164,fahre
1165,dire
1166,nase
1167,leid
1168,immerhin
1169,verpasst
1170,sächsedrissg
1171,abgmacht
1172,wi
1173,sisch
1174,blöd
1175,schlimm
1176,ultra
1177,läng
1178,mittag
1179,isst
1180,hinger
1181,dra
1182,ob
1183,pfiife
1184,lehrt
1185,lachen
1186,lacht
1187,robbe
1188,fängt
1189,holt
1190,luft
1191,ausruf
1192,furt
1193,hustet
1194,kichert
1195,beim
1196,reden
1197,pfeifen
1198,ohne
1199,ton
1200,geräusch
1201,täuscht
1202,husten
1203,klicht
1204,zunge
1205,räusper
1206,stöhnt
1207,flüstert
1208,tüet
1209,planä
1210,mmm
1211,gloubi
1212,ofe
1213,ii
1214,zämä
1215,besprechä
1216,loufts
1217,asträngendi
1218,schueu
1219,gymeler
1220,mängisch
1221,eini
1222,nöi
1223,paraklass
1224,stöh
1225,merci
1226,kopfhörer
1227,ane
1228,grosse
1229,redet
1230,erkläre
1231,ey
1232,lost
1233,gäu
1234,zwöifige
1235,loset
1236,spongebob
1237,game
1238,dräck
1239,gummistifle
1240,schlöfle
1241,böimli
1242,liechtig
1243,schleuse
1244,chliine
1245,schlamm
1246,inegange
1247,versunke
1248,GRIECHELAND
1249,ide
1250,ferie
1251,strand
1252,militär
1253,zwölfjährige
1254,ligistuhl
1255,dürechrüüche
1256,irgendiwe
1257,fingerspitze
1258,zäihe
1259,ine
1260,ablige
1261,sandburg
1262,boue
1263,fiis
1264,kreativ
1265,wem
1266,wäm
1267,ghei
1268,sse
1269,[so]
1270,gloubs
1271,nami
1272,chötzle
1273,eutere
1274,chärri
1275,gstohle
1276,gottesdienst
1277,chärre
1278,worde
1279,entsetzt
1280,wies
1281,wüsse
1282,seich
1283,inkusiv
1284,drinks
1285,hole
1286,zeige
1287,sone
1288,vierzä
1289,jünger
1290,motze
1291,alkohol
1292,bechunnt
1293,nächschte
1294,sträng
1295,kontrolliert
1296,drink
1297,pro
1298,person
1299,plötzlech
1300,heisi
1301,zämegschisse
1302,heicho
1303,mama
1304,guete
1305,geburtstag
1306,ehh
1307,ufknacke
1308,verzeut
1309,grosspapi
1310,papi
1311,ufknackt
1312,schnaps
1313,usetrunke
1314,ihne
1315,sötigi
1316,achegüttere
1317,ids
1318,koma
1319,darf
1320,probiere
1321,ä
1322,bitter
1323,BURGDORFER
1324,BÄRNER
1325,MÜNTSCHI
1326,scho(.)
1327,EVE
1328,drgäge
1329,schad
1330,feins
1331,getränk
1332,bispiu
1333,cooli
1334,extra
1335,pool
1336,cools
1337,huus
1338,übertribe
1339,beerpong
1340,adventure
1341,room
1342,träffe
1343,grad
1344,unlogisch
1345,ach
1346,apero
1347,handbauer
1348,besseri
1349,aune
1350,ifluss
1351,iiskunstläufere
1352,yup
1353,hand
1354,schüteler
1355,nh
1356,wimmis
1357,uttiger
1358,kunstturnerinne
1359,chrüzband
1360,grisse
1361,snowboardcross
1362,gletscher
1363,usland
1364,pumptrick
1365,roubrätt
1366,musiker
1367,klavier
1368,klassisch
1369,jazz
1370,hmh
1371,hornspilere
1372,gringlet
1373,instrument
1374,judo
1375,karate
1376,künstler
1377,füfzä
1378,vierezwänzg
1379,drzuecho
1380,jahrgang
1381,drüäzwänzg
1382,dèsch
1383,ruedere
1384,nöie
1385,bräit
1386,liechtatlet
1387,schwümmerin
1388,klav
1389,pianistin
1390,verteilt
1391,närä
1392,künschtler
1393,turmspringer
1394,unfau
1395,chopf
1396,brett
1397,agschlage
1398,hirnflüssigkeit
1399,litzt
1400,(unvertändlich)
1401,harmlos
1402,vergliichsch
1403,verletzige
1404,blibsch
1405,dini
1406,darfsch
1407,seisch
1408,sport
1409,bringts
1410,spart
1411,lieber
1412,schwärpunktfach
1413,lehrling
1414,hex
1415,irgendwo
1416,spanisch
1417,musik
1418,DEUTSCHLAND
1419,chor
1420,opere
1421,bg
1422,aluege
1423,schueuhuus
1424,uftreg
1425,lehrerin
1426,derte
1427,vorschleg
1428,tagesworkshops
1429,biuspiu
1430,settnige
1431,vortrag
1432,rollstuheu
1433,umgö
1434,öpperem
1435,bire
1436,suppechüchi
1437,ono
1438,survivaltäg
1439,heise
1440,GRAUBÜNDE
1441,gibsch
1442,elektronische
1443,gisch
1444,topf
1445,vergrabe
1446,tuesch
1447,mätteli
1448,schlafsack
1449,überläbe
1450,chrütlireis
1451,barfuess
1452,stärnehimmu
1453,kes
1454,gwicht
1455,höchstens
1456,verteilig
1457,würde
1458,ussetze
1459,bechöme
1460,charte
1461,kompass
1462,drisg
1463,franke
1464,inere
1465,ziitspanni
1466,standort
1467,buure
1468,übernachte
1469,gäud
1470,leiter
1471,fröie
1472,leite
1473,joa
1474,[haut
1475,so]
1476,wos
1477,schächt
1478,züüg
1479,kritisch
1480,hingerfragsch
1481,überleisch
1482,fescht
1483,gfüeu
1484,troumdestination
1485,mmh
1486,sorry
1487,verzeu
1488,nääh
1489,gfüheu
1490,gehsch
1491,biuder
1492,influencer
1493,schöne
1494,fotospot
1495,stund
1496,astah
1497,foto
1498,tri
1499,ki
1500,trikimi
1501,k
1502,katakomb
1503,ire
1504,höhli
1505,blauem
1506,bundalp
1507,blausee
1508,ih
1509,gs
1510,wonr
1511,zuegfrore
1512,winter
1513,minus
1514,wintersschuh
1515,winterjacke
1516,skihose
1517,ihrne
1518,lackschüeli
1519,dänki
1520,gmüetleche
1521,spaziergang
1522,meinsch
1523,INSTAGRAM
1524,gondeli
1525,hiking
1526,beautiful
1527,nature
1528,really
1529,wirds
1530,astrengender
1531,föteli
1532,erschti
1533,schnäuschte
1534,vorus
1535,secklet
1536,tschuu
1537,vorne
1538,kollege
1539,FRIBOURGISCHE
1540,amne
1541,ehrgiz
1542,ku
1543,mire
1544,kollegin
1545,grossi
1546,ghüratet
1547,tochter
1548,ihrem
1549,ma
1550,wäutreis
1551,sächs
1552,reist
1553,wäutgschicht
1554,erschts
1555,DUBAI
1556,MALEDIVE
1557,BANGKOK
1558,öb
1559,einzelne
1560,etape
1561,ruum
1562,AUSTRALIE
1563,haubs
1564,würdi
1565,bueche
1566,häreflug
1567,motel
1568,luegi
1569,gani
1570,lehri
1571,lehrsch
1572,spannend
1573,family
1574,diner
1575,cousin
1576,teil
1577,kennsch
1578,würkl
1579,lech
1580,eeh
1581,bischs
1582,spät
1583,hello
1584,brüue
1585,kaputt
1586,dumm
1587,abzoge
1588,hasä
1589,gleit
1590,jacke
1591,gschosse
1592,sä
1593,ghockt
1594,bügu
1595,mes
1596,zwänzgi
1597,steu
1598,hüratä
1599,schüttle
1600,wiiser
1601,unge
1602,botz
1603,müehsam
1604,uswärte
1605,usländer
1606,settigi
1607,franzos
1608,glück
1609,ich
1610,mag
1611,kein
1612,hochdeutsch
1613,fernsehsprach
1614,ipod
1615,pod
1616,schatztrucke
1617,gschribe
1618,zahlecode
1619,schatz
1620,truh
1621,truhe
1622,poh
1623,patrol
1624,usprichsch
1625,MARSHALL
1626,dsch
1627,füürwehr
1628,hung
1629,RYDER
1630,hami
1631,wiehnacht
1632,vorhär
1633,sporttäsche
1634,gschänk
1635,glettise
1636,lockstab
1637,brucht
1638,bruuche
1639,gschafft
1640,stab
1641,clipper
1642,um
1643,drumwickle
1644,ufta
1645,ufä
1646,(..........)
1647,nünedrissg
1648,achtedrissg
1649,ifahrt
1650,trottinette
1651,gibi
1652,gheihe
1653,stäge
1654,chume
1655,fahr
1656,erläbt
1657,zig
1658,drückt
1659,aghaute
1660,inechönne
1661,schlimmer
1662,drücksch
1663,hanis
1664,fahrter
1665,enttüschig
1666,blick
1667,bsueche
1668,lehre
1669,vollem
1670,mund
1671,schmunzelt
1672,erholt
1673,seufzt
1674,bio
1675,chemie
1676,KROATIE
1677,touche
1678,meeresbiologie
1679,fragi
1680,spottend
1681,kichern
1682,gähnt
1683,ahmt
1684,weinen
1685,weil
1686,mich
1687,anschaut
1688,GP1
1689,ihr
1690,sirupglas
1691,nimmt
1692,lachendes
1693,ungerbräche
1694,wirde
1695,dezember
1696,vierezwänzgi
1697,wässerig
1698,gueti
1699,st-
1700,plus
1701,moins
1702,transkribiere
1703,wünschet
1704,wieni
1705,NICE
1706,QUOTE
1707,kommt
1708,ins
1709,zimmer
1710,eingeschenkt
1711,glas
1712,auf
1713,(UNVERSTÄNDLICH)
1714,informiere
1715,sozäge
1716,u:nd
1717,iverständniserklärige
1718,gnusch
1719,sägets
1720,dis
1721,beidi:
1722,un
1723,name
1724,ne:
1725,du::
1726,punkt
1727,totau
1728,bünzlischwizerin
1729,(LACHT)
1730,muessi
1731,dämfau
1732,wohnet
1733,nume
1734,drü
1735,vonenang
1736,entfernt
1737,hautet
1738,chindheitsfründin
1739,ewig
1740,weme
1741,ufwachst
1742,achtzäni
1743,gli
1744,fertig
1745,nimi
1746,nü:m
1747,auzu
1748,ja:
1749,öie
1750,wit
1751,lä
1752,füfi
1753,woche
1754,sech
1755,((LACHEND)
1756,so)
1757,zämegsetzt
1758,ängli:sch)
1759,änglisch
1760,wächsle
1761,üebe
1762,"a'a's"
1763,der
1764,one
1765,länge
1766,müed
1767,i:s
1768,bräche
1769,witz
1770,tschuudigung
1771,uffrüsche
1772,wennd
1773,tagtäglech
1774,redsch
1775,kennet
1776,diskussionsstoff
1777,verschidnigste
1778,theme
1779,ehrlech
1780,unbedingt
1781,ussortiert
1782,per
1783,zuefau
1784,finget
1785,blödi
1786,verwärfe
1787,re
1788,witere
1789,delete
1790,brüetsche
1791,wiud
1792,äutere
1793,jüngere
1794,u:
1795,machtstrukture
1796,ändere
1797,mitem
1798,auter
1799,gäu)
1800,irgendwenn
1801,grössi
1802,usschlaggebend
1803,euch
1804,schwoste
1805,tendenziell
1806,ungerschide
1807,konflikte
1808,löst
1809,überwäutige
1810,wirschs
1811,vermisse
1812,chönntet
1813,winke
1814,nächi
1815,zollikofe
1816,ittige
1817,nachbarin
1818,gid
1819,zieht
1820,gad
1821,tür
1822,schwo
1823,uszieht
1824,warte
1825,gids
1826,ellei
1827,wohne
1828,uszoge
1829,äuter
1830,hoffi
1831,schwierig
1832,sueche
1833,früeh
1834,(e)r
1835,lust
1836,ers
1837,mittlerwile
1838,suechsch
1839,(-)
1840,fra:g
1841,no)
1842,dasmau
1843,glücks
1844,glücksma
1845,definitiv
1846,öii
1847,these
1848,froue
1849,männer
1850,ghört
1851,steuet
1852,bsoffnige
1853,pilot
1854,gieng
1855,job
1856,chönnt
1857,verbinde
1858,schliesst
1859,negativspirale
1860,v
1861,viune
1862,merkt
1863,a:
1864,verstecke
1865,aukohouproblem
1866,fründeskreis
1867,fautsch
1868,d(a)sch
1869,"so'"
1870,sött
1871,hoffentlech
1872,wüus
1873,glustet
1874,ua:
1875,beidem
1876,dir:
1877,entdeckt
1878,sirupbueb
1879,(weni
1880,ig)
1881,verloffe
1882,pflichte
1883,wahrgno
1884,oa:
1885,lehrkraft
1886,chöit
1887,meint
1888,passiere
1889,kiffe
1890,problem
1891,chli:
1892,thematisiert
1893,site
1894,lehrchräft
1895,hänkes
1896,derzue
1897,(i)sch
1898,usserhaub
1899,publiziere
1900,schuele
1901,sötti
1902,beachte
1903,fröhlechers
1904,thema
1905,öbs
1906,git:
1907,ou:
1908,dIr
1909,ech
1910,ehe
1911,hützutag
1912,bedütig
1913,sicherlech
1914,ufne
1915,usere
1916,perspektive
1917,früecher
1918,grosseutere
1919,aluegt
1920,ja:hre
1921,ersti
1922,begägnig
1923,nachdäm
1924,heiter
1925,gänderet
1926,generation
1927,säget
1928,dating
1929,apps
1930,tinder
1931,romantischi
1932,vorstellig
1933,bruchs
1934,öire
1935,nutze
1936,tabu
1937,kriterie
1938,mues
1939,talentshow
1940,me:
1941,kenni
1942,cartoon
1943,serie
1944,yes
1945,online
1946,chame
1947,"ja'"
1948,gern
1949,dem
1950,findi
1951,rückmeudig
1952,uftritt
1953,live
1954,performe
1955,würds
1956,emne
1957,trio
1958,dus
1959,uswändig
1960,lied
1961,top
1962,verborgnigi
1963,gheimnis
1964,singkarriere
1965,aktiv
1966,DAS
1967,wode
1968,(isch
1969,verarschisch
1970,gwüss
1971,gwüsses
1972,täglech
1973,wuche
1974,lustigs
1975,ereignis
1976,wome
1977,priorisiere
1978,theater
1979,demfau
1980,schribet
1981,ougust
1982,(dasch)
1983,klima
1984,debatte
1985,hui
1986,dergäge
1987,sechs
1988,eso
1989,stoff
1990,wett
1991,ungärn
1992,ungerbreche
1993,witerhin
1994,haute
1995,möchtet
1996,aktuell
1997,jugendleche
1998,schüeler
1999,schüelerinne
2000,e(ifa)ch
2001,ufstand
2002,ufsehe
2003,errege
2004,demos
2005,streiks
2006,diskussion
2007,pflanzlechi
2008,lösige
2009,interesse
2010,bevöukerig
2011,schneu
2012,absteue
2013,englischi
2014,wurzle
2015,australisch
2016,muetter
2017,eigentlich
2018,in
2019,bri
2020,brite
2021,gebore
2022,australie
2023,züglet
2024,auschtr
2025,bri_gebore
2026,sibni
2027,bruefsschueu
2028,verglich
2029,isches
2030,churz
2031,arbet
2032,stressig
2033,(jammer
2034,anger)
2035,iu
2036,rate
2037,chani
2038,schnure
2039,meinig
2040,mischig
2041,ungerstütze
2042,löschä
2043,lösä
2044,ik
2045,als
2046,konflikt
2047,brüederlechi
2048,ja:)
2049,stand
2050,usdiskutiere
2051,JA
2052,prüglet
2053,(ich
2054,cha)
2055,eich
2056,gwunne
2057,chunt
2058,drufa
2059,mitti
2060,acht
2061,(drunger
2062,ungere
2063,chlinste
2064,ähnlech
2065,chliner
2066,(de
2067,position
2068,vori
2069,grundsätzlech
2070,agfange
2071,steue
2072,währenddäm
2073,hani(ne)
2074,useschicke
2075,funktioniert
2076,hoffe
2077,vierte
2078,lehrjahr
2079,finanziell
2080,möglech
2081,min
2082,situation
2083,nja
2084,bereut
2085,uszügle
2086,drü:
2087,suechen
2088,neue
2089,wohnig
2090,suecht
2091,ebe
2092,fründin
2093,einiges
2094,müesstisch
2095,sägä
2096,(lacht)
2097,st
2098,vilech
2099,stimme
2100,na
2101,thes
2102,ufbout
2103,här
2104,ja::
2105,oberste
2106,welcher
2107,berufsgruppe
2108,findet
2109,man
2110,voraussichtlich
2111,den
2112,höchsten
2113,prozentsatz
2114,alkoholikern
2115,also
2116,überleget
2117,schlimmste
2118,brüef
2119,gastronomie
2120,nä:r
2121,hohi
2122,positione
2123,bruche
2124,die:
2125,hohem
2126,ärzt
2127,droge
2128,teamleader
2129,wahrschinlech
2130,en
2131,blickwinku
2132,welem
2133,bruef
2134,n
2135,aukoholiker
2136,fautschi
2137,gruppe
2138,sinne
2139,weit
2140,alkoholiker
2141,söttet
2142,sauce
2143,früech
2144,wüuis
2145,cocktail
2146,vougstopfet
2147,betrinke
2148,derna
2149,betrunke
2150,erinnere
2151,abgwäsche
2152,ding
2153,organisiert
2154,ner
2155,UFru:me
2156,bin
2157,ar
2158,wasserhahn
2159,dasses
2160,ablenkt
2161,richtigi
2162,möglechkeite
2163,"nä'ä"
2164,e:
2165,chürzlech
2166,komplett
2167,satt
2168,partner
2169,suechi
2170,ufghört
2171,bruchts
2172,eignet
2173,richtegi
2174,filter
2175,funktion
2176,gueten
2177,nähm
2178,fiuterfunktion
2179,zügs
2180,agä
2181,analogi
2182,wege
2183,zuestimme
2184,schlau
2185,e(i)fach
2186,ufga
2187,einigermasse
2188,hübsch
2189,sadischt
2190,sadistisch
2191,gäng
2192,ehm:
2193,säubstsüchtig
2194,liebste
2195,natürlich
2196,wien
2197,wieds
2198,bezeichnisch
2199,(HINTERGRUNDGERÄUSCH)
2200,kategorie
2201,ghör
2202,swiss
2203,voice
2204,tour
2205,glouffe
2206,uffüerig
2207,usegfunge
2208,irgenden
2209,blödsinn
2210,singe
2211,pinky
2212,and
2213,the
2214,brain
2215,intro
2216,gsunge
2217,fingsch
2218,youtube
2219,zwöihundertfüfzg
2220,ufrüef
2221,drühundertsechsezwänzg
2222,lustig
2223,glichfaus
2224,füehles
2225,besti
2226,hed
2227,(zur
2228,frou
2229,franz)
2230,gseid
2231,franzose
2232,westschwizer
2233,besser
2234,tu
2235,perdu
2236,rat
2237,back
2238,to
2239,looney
2240,tunes
2241,lächle
2242,kla::r
2243,huere
2244,geil
2245,erreicht
2246,jurys
2247,ärnst
2248,blöde
2249,geste
2250,güebt
2251,lorem
2252,ipsum
2253,innovativ
2254,fahne
2255,nation
2256,verarsche
2257,leider
2258,machi
2259,schribe
2260,üse
2261,eiget
2262,stück
2263,beschribig
2264,eigene
2265,g(a)d
2266,früehligsferie
2267,projektwoch
2268,houptcharakter
2269,beharre
2270,regu
2271,tueni
2272,outperforme
2273,diplomatie
2274,brueche
2275,hueren
2276,opfers
2277,kompensiere
2278,glichzitig
2279,härz
2280,priorität
2281,meiste
2282,prioriät
2283,wüu:
2284,umweut
2285,klimawandu
2286,drissgi
2287,vierzgi
2288,chlima
2289,vüu
2290,nöd
2291,master
2292,procrastinator
2293,professional
2294,bitzi
2295,musches
2296,bedütet
2297,nöcher
2298,theoretisch
2299,wenns
2300,rundum
2301,gaht
2302,witiste
2303,entfärnt
2304,planete
2305,dräit
2306,dräie
2307,distanz
2308,gfragt
2309,bedütisch
2310,schritt
2311,fleisch
2312,fleischkonsum
2313,mindere
2314,auternative
2315,abie
2316,vorschin
2317,energie
2318,umtusche
2319,nuklear
2320,spare
2321,best
2322,variante
2323,prio
2324,drufzahle
2325,plastik
2326,gebruchsplastik
2327,schrottwar
2328,schwiz
2329,wahnsinnig
2330,bringe
2331,löus
2332,fingeni
2333,(dir)
2334,streik
2335,sötsch
2336,entsprechend
2337,fachwüsse
2338,derbi
2339,seuber
2340,here
2341,vision
2342,vorgange
2343,werde
2344,(äbe
2345,schwach
2346,ITZ
2347,ufbringe
2348,serbie
2349,relativ
2350,aute
2351,serbische
2352,nachname
2353,schwizerischer
2354,chindergarte
2355,gliche
2356,gebäude
2357,näbenang
2358,erschte
2359,e:hm
2360,i:m
2361,dritte
2362,(LACHEN)
2363,zistig
2364,länger
2365,(ha
2366,zisti
2367,kurs
2368,zertifikat
2369,C1
2370,dämentsprächend
2371,beklage
2372,schlecht
2373,darfi
2374,ist
2375,wahrscheinlich
2376,häufigste
2377,paare
2378,beziehungen
2379,streiten
2380,dezue
2381,wüui
2382,beziehig
2383,zwöiti
2384,sollen
2385,kinder
2386,selbst
2387,lösen
2388,sollten
2389,eltern
2390,eingreifen
2391,jimmy
2392,so:
2393,manuel
2394,werum
2395,eh:
2396,poschtouto
2397,lösig
2398,du:
2399,witermachsch
2400,hingergedanke
2401,später
2402,alüte
2403,hei:
2404,erfahrige
2405,sammle
2406,gschadet
2407,hässig
2408,ungerstützig
2409,häresta
2410,izbezieh
2411,glöst
2412,u::
2413,o:
2414,fust
2415,"o'o"
2416,drunger
2417,he
2418,wärs
2419,obere
2420,schwost
2421,gwöhnt
2422,konfliktfreudig
2423,achtzäh
2424,dragwöhne
2425,sägi
2426,ufmerksamkeit
2427,hockt
2428,bett
2429,DA
2430,haubstung
2431,zämezschisse
2432,ure
2433,passt
2434,störe
2435,duets
2436,gstritte
2437,stritet
2438,egoistisch
2439,ere
2440,zwöiezwänzg
2441,gwautsam
2442,ertrage
2443,demnächst
2444,mani
2445,logisch
2446,paranoid
2447,EG
2448,wäge
2449,ibrächer
2450,(ja)am
2451,hang
2452,baukon
2453,garte
2454,der:
2455,jawohl
2456,ostsite
2457,westsite
2458,baukon:
2459,j:
2460,gäge
2461,hinge
2462,dran
2463,üsem
2464,block
2465,hüser
2466,läbt
2467,WG
2468,wuchenend
2469,chapeau
2470,kacke
2471,wede
2472,sövu
2473,züri
2474,bahn
2475,handumdrehe
2476,büro
2477,u:::
2478,hocke
2479,näb
2480,normalerwis
2481,sini
2482,sach
2483,endi
2484,basiert
2485,arbeitsplatz
2486,IT
2487,ungervertrete
2488,abgseh
2489,bruefsbiudnerinne
2490,coaches
2491,mediamatikerinne
2492,füf
2493,type
2494,zwänzg
2495,würden
2496,meisten
2497,menschen
2498,wohl
2499,einen
2500,blindtest
2501,von
2502,einem
2503,fünfzig
2504,euro
2505,wein
2506,fünf
2507,unterscheiden
2508,können
2509,aukohou
2510,(dès)
2511,gsehschs
2512,widegustationspersone
2513,taxifahrer
2514,stö
2515,hüfig
2516,höcherem
2517,druck
2518,irgendöppis
2519,coping
2520,seitme
2521,dütsch
2522,arbeitslos
2523,arbeit
2524,arbeitsgruppe
2525,definitive
2526,kandidat
2527,hützutags
2528,strass
2529,umelouft
2530,bänkli
2531,schlaft
2532,normale
2533,füftages
2534,su:fe
2535,KO
2536,umgheie
2537,mänti
2538,klischee
2539,wöu
2540,rein
2541,eventuell
2542,emau
2543,schluck
2544,mitstifte
2545,choche
2546,wük
2547,(irgendwie)
2548,tiramisu
2549,chueche
2550,aukohoufreis
2551,rouche
2552,gruset
2553,gäg
2554,roucht
2555,grusigste
2556,trinkt
2557,wenig
2558,letschte
2559,mal
2560,egau:
2561,musch
2562,dana
2563,no(rmaler)wis
2564,nüme
2565,wahrschinech
2566,kater
2567,worschinlech
2568,toll
2569,druffe
2570,wunger
2571,reagiert
2572,zettel
2573,unterricht
2574,sind
2575,drogenfrei
2576,öbd
2577,bringt
2578,nit
2579,niemerem
2580,high
2581,schuplatz
2582,gse:
2583,beneblet
2584,nöchste
2585,scheidig
2586,scheide
2587,vorsteue
2588,scheidigsstatistike
2589,ufegange
2590,jahrzehnte
2591,schlächts
2592,begründet
2593,mitenang
2594,ou
2595,grund
2596,verhüratet
2597,chinder
2598,schwanger
2599,finanzielle
2600,hochzit
2601,party
2602,günstig
2603,fähler
2604,drissg
2605,la
2606,hängt
2607,dermit
2608,neui
2609,parship
2610,gsi:
2611,igendwie
2612,verlürt
2613,partnersuechi
2614,swiping
2615,reduziere
2616,night
2617,aktueller
2618,engagiere
2619,entscheide
2620,azau
2621,churze
2622,beziehige
2623,dramatisch
2624,erhöht
2625,öper
2626,neus
2627,bevor
2628,singles
2629,nöchi
2630,einzige
2631,armselig
2632,profiu
2633,gschminkt
2634,instagram
2635,fiuter
2636,wundervoui
2637,biografie
2638,kener
2639,zwe
2640,meter
2641,füfedrissg
2642,mindistens
2643,hundertzwänzg
2644,lüpfe
2645,erfougrich
2646,nebebeschäftigung
2647,app
2648,inträsse
2649,personalisierti
2650,stiu
2651,lebe
2652,(ihre
2653,gsundes
2654,ego
2655,süchtig
2656,sim
2657,eigete
2658,erstickt
2659,glachet
2660,wiu
2661,fest
2662,glacht
2663,iatme
2664,nei:
2665,finde
2666,öi
2667,witze
2668,amüsant
2669,dranne
2670,stärbe
2671,komplimänt
2672,beleidigung
2673,entschide
2674,öbi
2675,video
2676,show
2677,o:je
2678,sponsore
2679,schamgfüeu
2680,französisch
2681,w(e)rum
2682,ruhig
2683,atme
2684,ehrlich
2685,tut
2686,ufträte
2687,SEHR
2688,dankend
2689,abglehnt
2690,nei:nei:
2691,talent
2692,shows
2693,nüd
2694,thea
2695,liste
2696,vierti
2697,wau
2698,(ha)
2699,uswähle
2700,uffüehred
2701,nei::
2702,gmischti
2703,GEIL
2704,(u:
2705,finnisches
2706,voukslied
2707,internetsensation
2708,wöus
2709,wienis
2710,wörter
2711,kauderwelsch
2712,verzeue
2713,be
2714,bekanntist
2715,oje
2716,wunderet
2717,(SINGT)
2718,kanon
2719,aller
2720,guten
2721,dinge
2722,(hoi
2723,tatsächlech
2724,(uf)
2725,text
2726,umgwandlet
2727,me:hreri
2728,wele
2729,witzigi
2730,gschicht
2731,wis
2732,prinzip
2733,melodie
2734,e:ja
2735,jedefaus
2736,churzes
2737,gedicht
2738,stueu
2739,zämeboue
2740,härebecho
2741,bluetig
2742,gändet
2743,chas
2744,nenne
2745,stouz
2746,präsentiere
2747,dasi
2748,zwöuf
2749,nationauhymnene
2750,französischi
2751,version
2752,refrain
2753,holländische
2754,flagge
2755,vanuatu
2756,NIE
2757,jetz
2758,ergit
2759,nachecho
2760,sones
2761,unscharfs
2762,biud
2763,internet
2764,flaggene
2765,det
2766,zwöimau
2767,itrag
2768,uganda
2769,komische
2770,wunder
2771,weissis
2772,interessierts
2773,erklärig
2774,thea:tergruppe
2775,miuchstrass
2776,(SUMMT)
2777,projekt
2778,eire
2779,skript
2780,vorbereite
2781,vertroue
2782,datum
2783,schicksch
2784,vergissischs
2785,wahrschinli
2786,roue
2787,trotzdem
2788,näh
2789,konkurrenz
2790,probiersch
2791,uszheble
2792,fuest
2793,diplomatisch
2794,vorzga
2795,weli
2796,grundschueu
2797,theaterevent
2798,(???)
2799,üsere
2800,oberstuefe
2801,(schüelerwächsu
2802,wächsle)
2803,gsichter
2804,grossprojekt
2805,musical
2806,hybrid
2807,theatergruppe
2808,permanent
2809,fakultativfach
2810,leute
2811,machen
2812,kleider
2813,jahresthema
2814,ghüder
2815,zämesammle
2816,ghüderseck
2817,ufenang
2818,gsteut
2819,gsammlet
2820,hitz
2821,längwiligi
2822,schueuzit
2823,trotz
2824,gwohnt
2825,sei
2826,dahingestellt
2827,beweggründ
2828,vorteilhaft
2829,säubstverständlech
2830,intressante
2831,themeschwung
2832,offizieu
2833,doktortitu
2834,know
2835,how
2836,lustigi
2837,ufgforderet
2838,kontroversi
2839,vonere
2840,eigntlech
2841,verschidene
2842,fragestellige
2843,konfrontiert
2844,zämehang
2845,fragestellig
2846,erde
2847,überlebenschance
2848,mönsche
2849,gäb
2850,umbringe
2851,rette
2852,irgendeme
2853,szenario
2854,mönschheit
2855,grosses
2856,witeri
2857,einehaub
2858,erreiche
2859,uswau
2860,entweder
2861,stirbt
2862,überlebe
2863,überlebt
2864,setzt
2865,gsamtheit
2866,umgekehrt
2867,beste
2868,lat
2869,ussert
2870,wäut
2871,grettet
2872,umbringt
2873,duuret
2874,schneust
2875,zure
2876,mönschefreie
2877,angerersits
2878,eskaliert
2879,ungerschid
2880,erhole
2881,irgendmau
2882,usserdem
2883,sta
2884,statistisch
2885,überfäuig
2886,vomne
2887,zerstörende
2888,asteroid
2889,unwahrschinlech
2890,planet
2891,zämeprau
2892,dinosaurier
2893,usstärbe
2894,vode
2895,astroide
2896,entstande
2897,mindestens
2898,viermau
2899,einzigs
2900,dervo
2901,verheerendi
2902,meini
2903,erhitze
2904,zerstöre
2905,jedi
2906,sekunde
2907,chance
2908,besteit
2909,grösser
2910,wahrschinlechkeit
2911,itrifft
2912,tuets
2913,regierig
2914,verschwige
2915,astronomie
2916,wüsseschaft
2917,astrologie
2918,sternzeiche
2919,offiziell
2920,bezeichne
2921,jehovas
2922,witnesses
2923,sekte
2924,jupiter
2925,eh::
2926,sunne
2927,abstand
2928,erdumloufbahn
2929,längi
2930,veränderet
2931,rütscht
2932,gwüsse
2933,ad
2934,antiklimawandukritiker
2935,ü
2936,wärmer
2937,füfzg
2938,dassme
2939,I
2940,heiss
2941,elon
2942,musk
2943,mars
2944,kolonialisiere
2945,cybertrucks
2946,staate
2947,ufhöre
2948,chohleenergie
2949,unterstütze
2950,teppich
2951,schiebe
2952,uslösche
2953,grüen
2954,langs
2955,technologie
2956,abfau
2957,chraftwerk
2958,wiederverwände
2959,interessant
2960,südamerika
2961,are
2962,universität
2963,studentin
2964,plas
2965,plastikvarant
2966,entwicklet
2967,kaktusfasere
2968,stabiu
2969,reguläres
2970,zersetzbar
2971,(UNVERSTÄNDLECH)
2972,umwäutverschmutzig
2973,usserdäm
2974,initiative
2975,plastikröhrli
2976,bruchteil
2977,ozean
2978,grösst
2979,fischernetz
2980,fischer
2981,abschaffe
2982,migros
2983,plastiksack
2984,rappe
2985,kaktusvariante
2986,fördere
2987,abbout
2988,dünger
2989,angerne
2990,liechte
2991,stoffe
2992,sonderlech
2993,schoggitafle
2994,drituet
2995,kantene
2996,gebrauchsplastik
2997,plastiksäck
2998,gebruchsware
2999,houz
3000,mirs
3001,demonstriere
3002,palestinisch
3003,staat
3004,befreie
3005,ö
3006,passiv
3007,aggressivi
3008,briefe
3009,schicke
3010,lösigsvorschlag
3011,demo
3012,integriere
3013,umso
3014,lösigsvorschläg
3015,mensche
3016,einige
3017,ungerschidliche
3018,ungerschidlech
3019,sige
3020,verschiedene
3021,politische
3022,sichte
3023,formuliere
3024,schlussendlech
3025,innerhaub
3026,tofu
3027,schueuhus
3028,zäh
3029,sächsi
3030,unzite
3031,hock
3032,ussesiter
3033,bünzlischwizer
3034,lehr
3035,chürzer
3036,letschts
3037,muettersprachler
3038,bitz
3039,schade
3040,blau
3041,söttä
3042,(--)
3043,schlimme
3044,jährigi
3045,erster
3046,linie
3047,hiuf
3048,erwachsene
3049,vowäge
3050,fisch
3051,fische
3052,gstorbe
3053,was?
3054,tod
3055,des
3056,stärkeren
3057,mitgschlage
3058,ebenerdig
3059,verschiedne
3060,hus
3061,weles
3062,luegt
3063,wohnt
3064,bärn
3065,jaja
3066,daheim
3067,ÖV
3068,dahäre
3069,weisses
3070,regumässig
3071,heigeit
3072,gloubes
3073,basislehrjahr
3074,deheim
3075,los
3076,achti
3077,acho
3078,bümpliz
3079,frauen
3080,mehr
3081,MIT
3082,keni
3083,gschlechter
3084,redi
3085,beides
3086,persönlech
3087,SBB
3088,gfärbte
3089,wisswi
3090,rotwi
3091,ungerscheide
3092,mass
3093,fläsche
3094,demit
3095,uskennt
3096,ch
3097,pris
3098,ungerschied
3099,wüklech
3100,professionell
3101,bösfahrer
3102,bi:tzi
3103,leiste
3104,medikament
3105,wettes
3106,eher
3107,vorurteilhaft
3108,töife
3109,jobs
3110,läbenssituation
3111,jedem
3112,solang
3113,nüchtern
3114,private
3115,nümm
3116,drichunnt
3117,verursache
3118,wo:
3119,schüsch
3120,ufezschoukle
3121,überschwappe
3122,näbem
3123,wuchenendi
3124,vorchunnt
3125,gschmack
3126,schins
3127,angerhaub
3128,wiglas
3129,gläärt
3130,(heig)
3131,hingereglärt
3132,hue
3133,himbeer
3134,a:::
3135,trurig
3136,bi:m
3137,dise
3138,nünte
3139,partys
3140,mittwuch
3141,donnstiabe
3142,abschiedsfest
3143,schüelerin
3144,kotzt
3145,kümmere
3146,chüble
3147,uso
3148,(sorry
3149,seine
3150,mau:
3151,bs
3152,nachwürkige
3153,spezifisch
3154,mitübercho
3155,höchschtens
3156,klischeehaft
3157,kolleg
3158,gymer
3159,ungerenang
3160,mein
3161,langjährigi
3162,partnerschaft
3163,fingt
3164,zunere
3165,glückleche
3166,füehrt
3167,wärt
3168,begägnet
3169,schneuer
3170,j::
3171,funktioniere
3172,schubladisiere
3173,anhand
3174,oberflächlechkeite
3175,quasi
3176,ablehne
3177,zuefäuig
3178,trifft
3179,nat
3180,natürlechi
3181,gägesitig
3182,nenenei
3183,suechkriterie
3184,ighaute
3185,wennis
3186,gwüssi
3187,erfüut
3188,off
3189,ursprünglech
3190,möchtsch
3191,gsungs
3192,ungsunds
3193,gsung
3194,ersticksch
3195,abemne
3196,stufe
3197,atmigsproblem
3198,überchunnsch
3199,chönnts
3200,stirbsch
3201,scham
3202,verschwinde
3203,würdet
3204,schöns
3205,duett
3206,awkward
3207,näbedran
3208,explodiert
3209,einzig
3210,theaterprojekt
3211,mimimimimimimimimimimimimimimi
3212,gmischte
3213,ufgno
3214,lieder
3215,müessemer
3216,ievan
3217,polkka
3218,bekannt
3219,dritt
3220,insider
3221,((SINGT)
3222,just
3223,wanted
3224,but
3225,this
3226,was)
3227,probierts
3228,komiker
3229,w
3230,gsuecht
3231,tscheggt
3232,valuatu
3233,hättschs
3234,tschegget
3235,verbunge
3236,vieri
3237,atlas
3238,übercho
3239,hingedinne
3240,ufglistet
3241,gliebt
3242,dänkes
3243,wül
3244,augemeinwüsse
3245,schicket
3246,uffüehrig
3247,gr
3248,gn:
3249,ungerschidlechi
3250,erwähnt
3251,schouspiler
3252,autor
3253,verschideni
3254,her
3255,märzwuche
3256,drüezwänzigst
3257,drissigste
3258,drüe
3259,viere
3260,füfe
3261,sächse
3262,sibenezwänzigst
3263,by
3264,destiny
3265,weicht
3266,schurke
3267,won
3268,spiut
3269,"ni'"
3270,schueutheater
3271,augemein
3272,oberstufe
3273,(d)
3274,ER
3275,stouzi
3276,stouze
3277,excusez
3278,seck
3279,istigsprogramm
3280,(z)
3281,isammle
3282,summerhitz
3283,luge
3284,klassezemekunft
3285,heisse
3286,ougste
3287,näch
3288,klassezämekunft
3289,gnervt
3290,programm
3291,(fürd
3292,projektwuche
3293,erfahrig
3294,sorge
3295,sächzgi
3296,interessiere
3297,ö:
3298,läbi
3299,mönsch
3300,meister
3301,drin
3302,churzfristig
3303,bitzeli
3304,langfristig
3305,lokfüehrer
3306,pensioniert
3307,dringend
3308,knapp
3309,beende
3310,disi
3311,entscheidig
3312,as
3313,sterilisiere
3314,radioaktivität
3315,schn
3316,tot
3317,saturn
3318,itreffe
3319,danke
3320,moment
3321,himmu
3322,beobachte
3323,akt(.)
3324,fernrohr
3325,gsehsches
3326,horoskop
3327,bezeichnets
3328,schlaus
3329,ahja
3330,asteroide
3331,wägzieht
3332,gringeri
3333,bhouptet
3334,umloufbahne
3335,umloufbahn
3336,logik
3337,necher
3338,erhitzt
3339,gwappnet
3340,teslas
3341,mond
3342,schiesse
3343,heufe
3344,politiker
3345,amerika
3346,chönntsch
3347,ETH
3348,einiger
3349,wasserstoff
3350,tribstoff
3351,zapfsüle
3352,tank
3353,füue
3354,gfährlech
3355,outofirma
3356,abboubar
3357,pla
3358,sch
3359,hingernache
3360,oscho
3361,usmache
3362,meines
3363,wäutwit
3364,verdammt
3365,gäbig
3366,nützlech
3367,plastikstueu
3368,röhrli
3369,säckli
3370,wägwärfware
3371,usem
3372,unsterbleche
3373,materiau
3374,produziert
3375,biuig
3376,plasik
3377,gratissäckli
3378,vergliche
3379,klimademo
3380,verschiedeni
3381,agno
3382,nünenünzg
3383,prozent
3384,unglücklech
3385,zfride
3386,sötte
3387,uswürkige
3388,anstatt
3389,düredänkt
3390,hundertprozentig
3391,perfekti
3392,gä:
3393,nirgendwo
3394,importiere
3395,ersetze
3396,pflanzl
3397,pflanzlechs
3398,planzlechs
3399,eif
3400,fleischer
3401,fleischersatz
3402,gförderet
3403,bure
3404,beschäftige
3405,(TÜRKLOPFEN)
3406,(TÜRKNALLEN)
3407,(gelächter)
3408,mitenand
3409,weimer
3410,umweltschutz
3411,schueuwäg
3412,oke
3413,ahni:g
3414,fast
3415,furious
3416,choufe
3417,harry
3418,potter
3419,viert
3420,füft
3421,kouft
3422,färnseh
3423,zwüse
3424,witerluege
3425,set
3426,ei(gentle)ch
3427,ürgend
3428,horror
3429,angst
3430,stört
3431,schlafe
3432,überall
3433,äh
3434,verarbeite
3435,schlaf
3436,tröimi
3437,verwachi
3438,schlafi
3439,black
3440,b
3441,bird
3442,box
3443,szene
3444,ischlaht
3445,wiener
3446,ähm
3447,abschlachte
3448,pfff
3449,dystopian
3450,science
3451,fiction
3452,wälte
3453,maze
3454,runner
3455,tribute
3456,panem
3457,usflüg
3458,hamer
3459,denkt
3460,ni:d
3461,wetti
3462,riche
3463,gsund
3464,zombie
3465,mutiere
3466,oft
3467,verkörpere
3468,shit
3469,katastrophal
3470,regt
3471,nachdenke
3472,roboterzüg
3473,chino
3474,albe
3475,roboter
3476,kassierer
3477,effizienter
3478,nachkomme
3479,muesses
3480,survival
3481,of
3482,fittest
3483,first
3484,who
3485,dies
3486,gantwortet
3487,snappe
3488,last
3489,christmas
3490,gugge
3491,ahso
3492,andere
3493,eigenlech
3494,halb
3495,irgendeinisch
3496,nachbare
3497,ähnleche
3498,alter
3499,wettsch
3500,schuelkollege
3501,anders
3502,zweck
3503,gsellschaftstanze
3504,auschtralie
3505,heige
3506,mc
3507,donalds
3508,schuelhus
3509,heig
3510,gnu
3511,mac
3512,verleide
3513,glustets
3514,verzellt
3515,schuel
3516,doku
3517,menne
3518,dumms
3519,experiment
3520,obme
3521,bezwecke
3522,dokter
3523,grösste
3524,cola
3525,large
3526,riesig
3527,übergä
3528,abbroche
3529,dürezie
3530,(UNVRSTÄNDLICH)
3531,salat
3532,undersuecht
3533,zucker
3534,sosse
3535,blute
3536,fazit
3537,kalorie
3538,agäbe
3539,körper
3540,ufnimmt
3541,burger
3542,king
3543,KFC
3544,generell
3545,food
3546,issisch
3547,giuted
3548,subway
3549,gsünder
3550,tägleche
3551,basis
3552,intensiv
3553,pizza
3554,manis
3555,sandwich
3556,ui
3557,vieli
3558,ananas
3559,youtuber
3560,bestrafig
3561,meme
3562,wosi
3563,powerade
3564,blaue
3565,teigware
3566,gchochet
3567,strawberry
3568,tomatesosse
3569,näre
3570,erdbeer
3571,öppisem
3572,ɡnu
3573,erdbeeri
3574,pringles
3575,zitli
3576,pommes
3577,frites
3578,ketchup
3579,flavour
3580,öppert
3581,gässe
3582,ses
3583,grusig
3584,flavours
3585,krasse
3586,((FLÜSTERT)
3587,unnötig
3588,dollar
3589,store)
3590,target
3591,berüehmt
3592,tiktok
3593,youtuberin
3594,tiktoker
3595,befründet
3596,will
3597,college
3598,googlet
3599,"he's"
3600,famous
3601,allem
3602,miranda
3603,sing
3604,verarscht
3605,sälber
3606,schminkt
3607,irgendes
3608,j
3609,sings
3610,fictional
3611,character
3612,contemporary
3613,erstens
3614,gsehs
3615,bewegige
3616,verrecke
3617,wärdene
3618,wobi
3619,doppusport
3620,ehnste
3621,herr
3622,mitmache
3623,tanze
3624,woner
3625,bodeturne
3626,nächst
3627,nägst
3628,numau
3629,akzeptiert
3630,allne
3631,then
3632,YOU
3633,need
3634,do
3635,that
3636,iche
3637,grüessech
3638,grüess
3639,lachet
3640,handbau
3641,lueg
3642,dusse
3643,markechleider
3644,t-shirt
3645,wette
3646,chosted
3647,achtzg
3648,stutz
3649,hellgrau
3650,schwitzisch
3651,glichligi
3652,marke
3653,usgit
3654,ufgregt
3655,meitli
3656,flügt
3657,ihn
3658,schönling
3659,chan
3660,fies
3661,lehrerschwarm
3662,chönntis
3663,ischätze
3664,verwirre
3665,endzg
3666,zwüsche
3667,vierzg
3668,färbt
3669,graue
3670,gsicht
3671,verglichsch
3672,läbenswisheite
3673,graui
3674,äner
3675,änds
3676,alt
3677,füfzgi
3678,söus
3679,derzueglehrt
3680,verschiednige
3681,mutatione
3682,lernziu
3683,striche
3684,lebensgschicht
3685,redt
3686,zeigt
3687,albinohas
3688,gfunde
3689,federe
3690,schneehase
3691,wiss
3692,weds
3693,teste
3694,vögu
3695,ifange
3696,chrüze
3697,emene
3698,aneme
3699,vogu
3700,hingernacherenne
3701,igfange
3702,tubene
3703,albinotube
3704,verwütscht
3705,vi
3706,sex
3707,hasst
3708,jo
3709,venedig
3710,rom
3711,friti
3712,vore
3713,italienisch
3714,bü
3715,machet
3716,früehlig
3717,reis
3718,göht
3719,ɡö
3720,prima
3721,gömer
3722,fire
3723,fie
3724,firenze
3725,toscana
3726,budapest
3727,spanie
3728,tessin
3729,EF-wuche
3730,florenz
3731,houptstadt
3732,alk
3733,kauft
3734,wiederhout
3735,tertia
3736,lebenssituation
3737,chanis
3738,nu
3739,alleini
3740,hu
3741,wüssts
3742,witerhout
3743,freifächler
3744,freifach
3745,arme
3746,latinisch
3747,ienisch
3748,italien
3749,italie
3750,schwerpunktfächler
3751,freiwiuig
3752,niene
3753,versteisch
3754,anderi
3755,wiene
3756,medizin
3757,studiere
3758,informatiker
3759,bh
3760,gsichtsforme
3761,gsesch
3762,wienes
3763,achtegg
3764,gsichtsform
3765,"ne'nei"
3766,gsichtform
3767,alles
3768,forme
3769,gschichtsstund
3770,ichecho
3771,häsli
3772,ne:i
3773,di:ng
3774,aff
3775,gnärvt
3776,husufgabe
3777,quarta
3778,kene
3779,tsja
3780,gymerlehrer
3781,praktikum
3782,major
3783,minor
3784,psychologie
3785,beidne
3786,schlussentlech
3787,unterrichte
3788,einzelni
3789,Ps
3790,chämti
3791,philosophiekrise
3792,pädagogik
3793,coolste
3794,diskutiersch
3795,steut
3796,thesene
3797,letschthin
3798,doktor
3799,zuekunft
3800,studiert
3801,begründe
3802,abratet
3803,studiersch
3804,schwöschter
3805,psychiater
3806,iga
3807,zwöitens
3808,suizid
3809,glandet
3810,sitene
3811,schlächte
3812,barriere
3813,schlechte
3814,gheisch
3815,efach
3816,zrüggzieh
3817,ts
3818,h
3819,distanziere
3820,afö
3821,abgschafft
3822,warnig
3823,weis
3824,verbunde
3825,usdrück
3826,emoji
3827,netflix
3828,mou:
3829,james
3830,corden
3831,cats
3832,hättsch
3833,mitzcho
3834,chunnts
3835,elf
3836,füfte
3837,ends
3838,januar
3839,chatz
3840,trailer
3841,typisch
3842,rebel
3843,wilson
3844,pitch
3845,perfect
3846,blondi
3847,geili
3848,jason
3849,derulo
3850,taylor
3851,swift
3852,cat
3853,lover
3854,chatze
3855,rollene
3856,apasst
3857,gfaue
3858,depri
3859,angersch
3860,erwachse
3861,loser
3862,singt
3863,depressive
3864,sänger
3865,allgemeine
3866,schouspieler
3867,berühmt
3868,agsteut
3869,england
3870,glynn
3871,agstellt
3872,offices
3873,shops
3874,verdiene
3875,mo
3876,partei
3877,rezo
3878,i:::
3879,ame
3880,proof
3881,vlogger
3882,(gang
3883,alfie
3884,deyes
3885,daily
3886,ladt
3887,vlog
3888,vloggt
3889,schnidt
3890,schnidts
3891,selber
3892,findets
3893,alte
3894,vlogs
3895,tagebuech
3896,privati
3897,allgemeini
3898,shoppe
3899,brighton
3900,van
3901,teile
3902,gfiumet
3903,würkt
3904,drama
3905,freak
3906,wäglege
3907,zoella
3908,zoe
3909,sugg
3910,berüehmti
3911,nöijahr
3912,längers
3913,channels
3914,channel
3915,videos
3916,ufeladt
3917,challenges
3918,talkshows
3919,podcasts
3920,halt
3921,ufwändiger
3922,närve
3923,youtubers
3924,logan
3925,paul
3926,jake
3927,skandal
3928,wetts
3929,a:h
3930,spekulation
3931,dolan
3932,twins
3933,charles
3934,emma
3935,chamberlain
3936,sister
3937,squad
3938,gnannt
3939,friends
3940,häbt
3941,spekulatione
3942,zwöine
3943,ethan
3944,agluegt
3945,glächlet
3946,kommentär
3947,schnä
3948,tschudigung
3949,usenang
3950,(i)schs
3951,zwillinge
3952,usraste
3953,kommentar
3954,alli
3955,irgendeso
3956,posted
3957,psychisch
3958,zyt
3959,psyche
3960,twitteret
3961,froh
3962,jemaus
3963,kenneglehrt
3964,responds
3965,aaron
3966,rumour
3967,zämehäng
3968,loht
3969,berüehmtheite
3970,kommentiere
3971,denke
3972,vergüdisch
3973,instasite
3974,öppertem
3975,berüehmtem
3976,null
3977,komma
3978,fans
3979,unnötigi
3980,stars
3981,unnötigs
3982,kommen
3983,bhaute
3984,rektion
3985,reaktion
3986,fan
3987,hasskommentär
3988,machenis
3989,gseuschaft
3990,abelade
3991,chind
3992,überwache
3993,verschtah
3994,gotte
3995,FMS
3996,ustuschjahr
3997,instragram
3998,abeglade
3999,whatsapp
4000,bild
4001,social
4002,media
4003,postet
4004,mei
4005,poliziste
4006,sicherheit
4007,soziale
4008,medie
4009,ufelade
4010,schuelhusgang
4011,ufhänke
4012,stuel
4013,chläbe
4014,grossmuetter
4015,poste
4016,bruches
4017,watcher
4018,player
4019,dave
4020,franco
4021,miete
4022,dütsche
4023,wüssti
4024,teen
4025,wolf
4026,amerikanische
4027,amerikanischi
4028,wil
4029,stories
4030,beklagt
4031,usgrastet
4032,schottland
4033,DVDs
4034,deheime
4035,cinderella
4036,disney
4037,filme
4038,pocahontas
4039,plattform
4040,blibt
4041,speziells
4042,verfilme
4043,heidi
4044,nils
4045,holgersson
4046,jö
4047,icheluege
4048,pumuckl
4049,shaun
4050,schaf
4051,pfuuh
4052,bär
4053,halbmond
4054,dernäbe
4055,rägebogebärli
4056,emily
4057,gschenkt
4058,schmöckt
4059,honigkuchenpferd
4060,not
4061,bubblegum
4062,meerjungfroue
4063,schwümme
4064,paw
4065,zueteilt
4066,mako
4067,H2O
4068,yakari
4069,gahni
4070,norm
4071,termin
4072,schribi
4073,wa
4074,willsch
4075,(i
4076,ja)
4077,büecher
4078,witerschnure
4079,père
4080,nüu
4081,dänk
4082,(cha)sch
4083,letschtens
4084,tststs
4085,american
4086,sniper
4087,chriegsfium
4088,babyszene
4089,bébé
4090,unecht
4091,puppe
4092,KOMISCH
4093,horrorfiume
4094,(im
4095,zäut
4096,blind
4097,birds
4098,verbundnige
4099,ouge
4100,umedingsle
4101,bo
4102,eig
4103,horrorfium
4104,han
4105,illegal
4106,jesus
4107,me:ga
4108,bispiel
4109,mirror
4110,komiste
4111,hocksch
4112,änderet
4113,verhaute
4114,versteit
4115,biuiger
4116,sölli
4117,sägemer
4118,beschtimmte
4119,zytspanni
4120,kassie:rer
4121,zerst
4122,usrä
4123,igä
4124,kasse
4125,usenäh
4126,schnursch
4127,mitne
4128,effektiver
4129,söui
4130,(hesch
4131,eigeti
4132,entwickle
4133,sklave
4134,behandlet
4135,"that's"
4136,robot
4137,nime
4138,vergisses
4139,geht
4140,(dere
4141,nachteil
4142,däiche
4143,nebraska
4144,verleideter
4145,fä
4146,fähle
4147,nährstoff
4148,erwarte
4149,jop
4150,däich
4151,ungsung
4152,tuenis
4153,nimes
4154,br
4155,brot
4156,chäs
4157,(irgendwo
4158,giengi
4159,gsündste
4160,verschiednigs
4161,druftue
4162,verschiednis
4163,zausch
4164,gägeargument
4165,okey
4166,sauzigs
4167,süesses
4168,verwirrt
4169,(isch)
4170,notwendig
4171,store
4172,walmart
4173,tar
4174,crazier
4175,ichoufe
4176,schwein
4177,sägemers
4178,wichtige
4179,tälentiert
4180,"a'a'"
4181,schiis
4182,fotos
4183,nachesteue
4184,perfekt
4185,usgrichtet
4186,motto
4187,nache
4188,real
4189,life
4190,versus
4191,irgende
4192,promi
4193,"a'"
4194,säubstverarschig
4195,komedy
4196,comedy
4197,morn
4198,tanz
4199,aschisse
4200,abga
4201,rastet
4202,chömm
4203,chöng
4204,socke
4205,bou:m
4206,fröit
4207,grätturne
4208,eigeni
4209,hett
4210,zwo
4211,starrt
4212,boa
4213,ougekontakt
4214,agstarrt
4215,help
4216,turnhaue
4217,garderob
4218,suffe
4219,laptop
4220,ufboue
4221,schneue
4222,gäuet
4223,definiert
4224,lachend
4225,hocki
4226,bed
4227,grätr
4228,hau
4229,dinghaue
4230,grätrum
4231,pföste
4232,chööt
4233,mithäufe
4234,hane
4235,tor
4236,ufsteue
4237,lieb
4238,stimmig
4239,übrigens
4240,mach
4241,gedanke
4242,tolle
4243,charakter
4244,bewärti
4245,sportlehrer
4246,IG
4247,gschätzt
4248,nüne
4249,mum
4250,verwirrend
4251,füfedrissgi
4252,risiko
4253,down
4254,syndrom
4255,dänkemer
4256,e(igentle)ch
4257,(h)albinoamsle
4258,albinoamsle
4259,fötele
4260,erfahrt
4261,fucking
4262,amsle
4263,strich
4264,fäli
4265,schnee
4266,brun
4267,wiis
4268,albino
4269,gsunde
4270,wissi
4271,amslene
4272,fah
4273,albinoamslene
4274,überspringe
4275,uetedor
4276,uetedorf
4277,mühle
4278,tube
4279,lo
4280,li
4281,villecht
4282,apriu
4283,scheiss
4284,non
4285,würkli
4286,Italie
4287,bsüecherle
4288,lektione
4289,lol
4290,abschluss
4291,primaner
4292,auk
4293,adreiht
4294,weiter
4295,chlei
4296,aukohol
4297,terzia
4298,tüscht
4299,mitschüeler
4300,klugste
4301,schwerpunktfachreis
4302,ital
4303,frankrich
4304,wandtafele
4305,nö
4306,wörtli
4307,latinischwörtli
4308,stärkt
4309,selbstbewusstsein
4310,hilft
4311,bei
4312,anderen
4313,sprachen
4314,beispiel
4315,stuss
4316,verreckt
4317,gibt
4318,bessere
4319,noten
4320,schwerpunkt
4321,gsuech
4322,sprach
4323,vorteil
4324,vieregg
4325,tier
4326,verchlüpfts
4327,murmeli
4328,schiss
4329,gf
4330,praktikante
4331,anschinend
4332,lah
4333,strub
4334,praktika
4335,böse
4336,fächer
4337,arschstudium
4338,voustudium
4339,pf
4340,dont
4341,oberstufelehrer
4342,ungerrichte
4343,philosophie
4344,obwou
4345,einzel
4346,verschiednigi
4347,lehrere
4348,bau
4349,chäm
4350,sou
4351,pädagogikkrise
4352,gebornige
4353,philosoph
4354,philosophiere
4355,philosophe
4356,sichtwisene
4357,respekt
4358,beantworte
4359,mönschlechi
4360,spannenste
4361,begah
4362,mental
4363,starch
4364,überschrift
4365,emojis
4366,fake
4367,wahr
4368,fat
4369,amy
4370,oustraliere
4371,fingis
4372,komi
4373,talkshow
4374,mitspiele
4375,rihanna
4376,werbefründlech
4377,wärbige
4378,bechunnsch
4379,produkt
4380,zuegsendet
4381,klick
4382,ufwändigi
4383,julien
4384,bam
4385,shoote
4386,special
4387,effects
4388,schnide
4389,irgendwelchi
4390,beauty
4391,zeigsch
4392,konzept
4393,derhinger
4394,(dumm
4395,ungerschätzt
4396,privatsphäri
4397,kamera
4398,gfahr
4399,fiumt
4400,hanget
4401,rueh
4402,sörigi
4403,handle
4404,spezieus
4405,leuge
4406,querbeet
4407,interessiert
4408,mehrheitlech
4409,dütschsprachigi
4410,intressiert
4411,labere
4412,reactions
4413,wasi
4414,düregstige
4415,strit
4416,iverstange
4417,(d)ass
4418,spekuliere
4419,üf
4420,überenang
4421,abläsch
4422,ablästere
4423,korrekt
4424,erwartisch
4425,chindergartemässig
4426,bedeckt
4427,wotti
4428,logischerwiis
4429,fausche
4430,privat
4431,grännet
4432,ungerstützt
4433,schuld
4434,rueder
4435,witergmacht
4436,spiele
4437,spieli
4438,spiu
4439,psycho
4440,ärnsthaft
4441,bestätigt
4442,usrasch
4443,wesch
4444,bessers
4445,analysiere
4446,irgendöpper
4447,wen
4448,meiniɡ
4449,hürat
4450,produktiv
4451,mean
4452,härzlech
4453,int
4454,schribt
4455,provozieres
4456,provoziere
4457,hautisch
4458,fingschs
4459,artiku
4460,fouged
4461,öine
4462,störts
4463,recht
4464,bezwifle
4465,druschöme
4466,lade
4467,hänke
4468,säute
4469,sorere
4470,ang
4471,usefinge
4472,usgsed
4473,bezwifles
4474,englische
4475,my
4476,britischi
4477,amerikaner
4478,chouft
4479,money
4480,taktik
4481,ächte
4482,nämes
4483,drab
4484,trickfium
4485,persone
4486,viech
4487,viecher
4488,somne
4489,wisse
4490,sofa
4491,weutau
4492,aliens
4493,plüschig
4494,plüschhung
4495,plüsch
4496,alien
4497,weutall
4498,zeiche
4499,"pa'"
4500,ranze
4501,bäre
4502,dinger
4503,buch
4504,verschiedefarbig
4505,glu
4506,maubiuder
4507,usgmaut
4508,dad
4509,dora
4510,fernseh
4511,meerjungfrau
4512,nöime
4513,what
4514,mitluege
4515,einsich
4516,meerjungma
4517,jesses
4518,bum
4519,yakari)
4520,gäbigste
4521,coucou
4522,(HUSTEN)
4523,(SEUZFT)
4524,(SEUFZT
4525,(SEUFZT)
4526,(KAUGERÄUSCHE)
4527,(GÄHNT)
4528,kussgeräusch
4529,(HUSTET)
4530,(GERÄUSCH)
4531,(EKELGERÄUSCH)
4532,(KAUT)
4533,(ÜBELKEITSGERÄUSCH)
4534,(PFF)
4535,(SCHLAG)
4536,(SCHLÄGE)
4537,schlag
4538,(FINGERSCHNIPSEN)
