form_id,form
1,(unverständlich)
2,hmm
3,jungschi
4,brunch
5,i
6,ha
7,so
8,e
9,hunne
10,lachfläsh
11,gha
12,u
13,de
14,het
15,tönt
16,wie
17,ne
18,verreckendi
19,seerobbe
20,när
21,(.)
22,di
23,chlini
24,ganz
25,zit
26,sie
27,nomau
28,müesse
29,afa
30,lache
31,das
32,isch
33,öppe
34,zwöi
35,minute
36,gange
37,mhm
38,ehm
39,einisch
40,im
41,monet
42,okay
43,guet
44,wär
45,viu
46,aber
47,mir
48,hei
49,semester
50,numme
51,oder
52,tüe
53,zmörgele
54,brunche
55,mit
56,späck
57,eier
58,wichtig
59,dr
60,speck
61,henne
62,höche
63,bi
64,üs
65,ja
66,richtig
67,gruusig
68,we
69,d
70,muesch
71,brate
72,wüu
73,es
74,fett
75,wo
76,use
77,chunnt
78,heimer
79,ufruume
80,after
81,time
82,meistens
83,öpper
84,vorbereitet
85,irgendwie
86,XXX
87,itz
88,läsä
89,mer
90,nes
91,buech
92,vertöife
93,rächt
94,kompliziert
95,eis
96,mau
97,bini
98,vou
99,nid
100,drus
101,cho
102,mou
103,has
104,verstange
105,weisch
106,was
107,gits
108,aues
109,evangeliste
110,prophete
111,vo
112,hirte
113,schregstrich
114,lehrer
115,no
116,öppis
117,dritts
118,haut
119,chli
120,gluegt
121,mache
122,die
123,für
124,ufgabe
125,gsi
126,uhu
127,hää
128,äbä
129,erst
130,däm
131,woni
132,drbi
133,vorher
134,micros
135,speziautag
136,(unverständich)
137,si
138,asträngend
139,chöi
140,nei
141,teiuwis
142,ize
143,gd
144,wuuche
145,hani
146,nerv
147,angeri
148,wuuchene
149,o
150,scho
151,weiss
152,wieso
153,normau
154,oh
155,ching
156,eifach
157,är
158,trotzphase
159,streikt
160,total
161,ga
162,bisle
163,nassi
164,hose
165,nöii
166,alege
167,sicher
168,zä
169,ufem
170,chaute
171,bode
172,ghocket
173,sich
174,wöue
175,leg
176,ungerhose
177,a
178,m
179,tth
180,fingi
181,eh
182,hasse
183,chopfhörer
184,an
185,dès
186,immer
187,usegö
188,zäme
189,aui
190,gsehsch
191,se
192,grüppli
193,ds
194,THUN
195,am
196,bahnhof
197,jede
198,ei
199,airpod
200,dinne
201,dänksch
202,kasperlitheäterli
203,fühle
204,krassischte
205,zwöufi
206,simer
207,bäbelet
208,wart
209,da
210,ir
211,sächste
212,imu
213,(...)
214,weissi
215,bach
216,spaziere
217,picknick
218,ässe
219,chleider
220,rägehose
221,aus
222,rägejacke
223,agleit
224,ufghänkt
225,bir
226,chrüzig
227,einfach
228,nüm
229,usecho
230,hüt
231,zu
232,tags
233,meh
234,meine
235,kita
236,äs
237,umgheit
238,ufstah
239,ihri
240,häng
241,wei
242,tue
243,wüue
244,dräckig
245,gseht
246,fau
247,luschtig
248,us
249,hiufi
250,imfau
251,dä
252,uf
253,hä
254,zwar
255,hesch
256,du
257,nie
258,sand
259,gspiut
260,auso
261,burg
262,bout
263,womer
264,heisst
265,pastor
266,stimmt
267,genau
268,dörfe
269,sandburge
270,beurteile
271,CARAMBAR
272,derfür
273,becho
274,verlore
275,denn
276,heis
277,vergä
278,üsi
279,cool
280,angere
281,förmli
282,ig
283,äbe
284,süsch
285,idee
286,bade
287,gar
288,doch
289,abe
290,gheisse
291,ischs
292,duss
293,cheuter
294,meer
295,zur
296,duschi
297,hets
298,häre
299,ah
300,duusche
301,mr
302,zrügg
303,häregleit
304,nüt
305,bracht
306,gloub
307,"s'isch"
308,nachem
309,zähni
310,(..)
311,jahr
312,chrank
313,hehe
314,mehrmaus
315,ni
316,fit
317,würk
318,mage
319,darm
320,uhem
321,mi
322,fründ
323,me
324,jung
325,villech
326,gschider
327,em
328,bändeli
329,tuusche
330,wed
331,all
332,inclusive
333,einte
334,zaut
335,art
336,chasch
337,enang
338,usgä
339,verstahnis
340,dass
341,wosch
342,häufe
343,lizisch
344,hotel
345,kultur
346,sowieso
347,guets
348,agebot
349,macht
350,übere
351,huufe
352,vor
353,auem
354,gfaketi
355,überau
356,sis
357,gmerkt
358,chönnte
359,ihm
360,gä
361,verstahs
362,äuä
363,heftig
364,dach
365,agsteute
366,(....)
367,komisch
368,chef
369,gseit
370,verstah
371,nis
372,VOLG
373,kontrolliere
374,niso
375,gchouft
376,ahh
377,zwölf
378,jährige
379,klar
380,dörfte
381,sies
382,verchoufe
383,kirschstängeli
384,wer
385,besuuft
386,aube
387,mim
388,vater
389,fein
390,gfunge
391,baileys
392,gno
393,schlückli
394,porbiere
395,chrazet
396,wii
397,wää
398,bier
399,gärn
400,trinkes
401,je
402,nachdem
403,CHOPFAB
404,ender
405,irgend
406,buh
407,geburi
408,hönne
409,gstört
410,speter
411,erste
412,überhoupt
413,bsoffe
414,wäres
415,drücke
416,id
417,finger
418,zie
419,zersch
420,schue
421,ab
422,SOMMERSBY
423,mega
424,finge
425,strängi
426,istellig
427,diskutiert
428,zue
429,hallo
430,bso
431,besoffe
432,gö
433,suufe
434,verstahni
435,geisch
436,losisch
437,zü
438,musig
439,dine
440,airpods
441,bisch
442,snapchat
443,ungerwägs
444,snappisch
445,snaps
446,obwohl
447,chöntsch
448,rede
449,blödele
450,tschüss
451,angers
452,dir
453,heit
454,nech
455,troffe
456,zum
457,sondern
458,z
459,fiire
460,und
461,chum
462,biite
463,sinn
464,säge
465,dicht
466,wuuchenänd
467,längwilig
468,niemer
469,wider
470,trinke
471,exit
472,probiert
473,spile
474,spili
475,meusch
476,schwirig
477,mittlere
478,extremere
479,dehei
480,müesses
481,muess
482,mä
483,namitag
484,chönt
485,dudes
486,chligruppe
487,konzentriert
488,(unverständllich)
489,headis
490,würd
491,is
492,griff
493,dassi
494,hätt
495,müesste
496,wirsch
497,abgfüut
498,abfüue
499,chaschs
500,wasser
501,insta
502,gläse
503,spass
504,gnue
505,trunke
506,anger
507,usegheit
508,rouhockeyler
509,sogar
510,uttige
511,zuefällig
512,nimmi
513,lug
514,nachbarschft
515,scheisse
516,summer
517,hauetraining
518,aha
519,musikalisch
520,sportlech
521,alphorn
522,horn
523,unihockey
524,einzigi
525,krass
526,räscht
527,usegfulet
528,sportler
529,künstlerklasse
530,normali
531,gymerklasse
532,(.....)
533,woah
534,hm
535,ghöri
536,drzue
537,momänt
538,auber
539,lang
540,bänder
541,lengere
542,usfau
543,cha
544,dür
545,usm
546,sportgymer
547,usegheie
548,(.......)
549,wow
550,inland
551,umgäbig
552,bern
553,fändi
554,chaut
555,biwakne
556,BLUEME
557,fasch
558,möge
559,ufe
560,loufe
561,dänkt
562,zää
563,heiligeschwändi
564,rehaklinik
565,gwüsst
566,haub
567,stung
568,lenger
569,iih
570,rucksack
571,schwerer
572,jakobsweg
573,kilo
574,euf
575,drüü
576,liter
577,pfännli
578,wäg
579,nächste
580,morge
581,liechter
582,gschickt
583,packet
584,inegstopft
585,trage
586,machts
587,super
588,hiufsbereit
589,meischte
590,(........)
591,smartcamp
592,dert
593,nacht
594,ungerkunft
595,müessä
596,suechä
597,hammer
598,huh
599,ugh
600,verbringe
601,ohni
602,schwoscht
603,mh
604,ächt
605,gspannt
606,bös
607,gmeint
608,gseh
609,leitigsperson
610,seit
611,sehr
612,hingerfragt
613,überlege
614,chömet
615,weisi
616,hingerfrage
617,söfu
618,läbes
619,dänker
620,macher(..)
621,sache
622,bim
623,gloube
624,houptsach
625,wot
626,orte
627,fänd
628,HAWAII
629,fiume
630,wunderschön
631,dört
632,schei
633,takiitos
634,takentos
635,schön
636,schöni
637,insle
638,zimlech
639,ribi
640,ömu
641,HOHTÜRLI
642,kientalersiite
643,alpe
644,umgekehrte
645,tempo
646,umgekehrti
647,reihefolg
648,änne
649,aso
650,LOCHMÄNNER
651,äne
652,OESCHINE
653,OESCHINESEE
654,blaus
655,hey
656,gstange
657,achegluegt
658,söu
659,beschribe
660,passiert
661,ernst
662,jetzt
663,dünkt
664,ZAKYNTHOS
665,berührt
666,touristisch
667,afang
668,dobe
669,lüt
670,achä
671,desto
672,witer
673,ache
674,turnschuhe
675,touriste
676,geit
677,sit
678,misstritt
679,gfährdet
680,ufegloffe
681,git
682,itzä
683,dings
684,shuttletaxi
685,taustation
686,see
687,füre
688,eine
689,bärge
690,bruchsch
691,au
692,touris
693,gröselis
694,hingere
695,chöme
696,ufene
697,ume
698,chunnsch
699,rund
700,bergstation
701,vorauem
702,berge
703,natur
704,hashtag
705,naturelife
706,dene
707,schueh
708,naturmönsch
709,richtige
710,naturmönsche
711,go
712,for
713,GRETA
714,uh
715,loufsch
716,wenn
717,eifacher
718,nimmsch
719,wanderwäg
720,würklech
721,chline
722,wägli
723,unger
724,ändi
725,nünti
726,klass
727,wandere
728,ihrer
729,familie
730,ihre
731,brüetsch
732,cousine
733,ihrä
734,kennt
735,zwöit
736,egau
737,geng
738,emu
739,ufeloufe
740,gmüetlech
741,kennes
742,mers
743,gwannet
744,wanderschueh
745,agha
746,usgrüstet
747,losgloffe
748,schnäu
749,mini
750,hüft
751,tuet
752,weh
753,mis
754,chnöi
755,tape
756,paar
757,blibe
758,stah
759,louf
760,düre
761,jedes
762,ahautisch
763,aloufe
764,wius
765,kraft
766,chostet
767,zieh
768,füüf
769,pouse
770,machsch
771,atrengender
772,zmittagspouse
773,gäbiger
774,gspüre
775,gloubt
776,verbi
777,gloffe
778,tja
779,"s'muess"
780,säuber
781,merke
782,ewigs
783,bruucht
784,wott
785,schlächt
786,ke
787,ahnig
788,schäacht
789,mah
790,geits
791,dim
792,fuess
793,dunger
794,zug
795,gwartet
796,ihres
797,mami
798,wenier
799,happig
800,erinnerig
801,teu
802,maches
803,weniger
804,fing
805,wenigstens
806,bähnli
807,ok
808,(......)
809,letschti
810,chönnti
811,allei
812,füess
813,tag
814,hie
815,bis
816,TAFERS
817,LAUSANNE
818,räschtleche
819,vier
820,easy
821,verschneit
822,obe
823,RÜEGGISBERG
824,SEFTIGE
825,drüber
826,daheime
827,vorwärts
828,zwungnegi
829,glich
830,erfrore
831,während
832,dasch
833,füfezwänzigi
834,spontan
835,ungerwegs
836,SPANIE
837,SANTIAGO
838,DE
839,COMPOSTELA
840,ziu
841,vili
842,EUROPA
843,"s'git"
844,er
845,weg
846,wegnetz
847,chönne
848,ustuusche
849,zwöite
850,hert
851,gägä
852,schluss
853,ta
854,glänk
855,ilageshole
856,chiller
857,surre
858,nach
859,"wüu's"
860,natürlech
861,gross
862,jammeri
863,nä
864,chöimer
865,bitte
866,wüeschtischte
867,ufgä
868,frag
869,hätti
870,igestah
871,würdsch
872,härä
873,kenne
874,möchti
875,fröid
876,täg
877,weni
878,überleit
879,fänds
880,cooler
881,flugi
882,vom
883,ort
884,flüge
885,über
886,RUSSLAND
887,ASIE
888,müglechkeite
889,outo
890,vermide
891,ines
892,land
893,beschte
894,englisch
895,schaffe
896,irgenwie
897,baarkeepere
898,mitzt
899,inne
900,erläbsch
901,(.........)
902,luegsch
903,irgendwiä
904,beach
905,resort
906,iiheimische
907,offe
908,erläbe
909,itze
910,reise
911,IRLAND
912,mönet
913,greist
914,büürin
915,glehrt
916,SCHWEIZ
917,irendwie
918,ene
919,farm
920,kontakt
921,mitbecho
922,jap
923,frage
924,wenni
925,haube
926,siite
927,odr
928,mueter
929,schwoschte
930,einti
931,wäre
932,cousins
933,zwüscheziit
934,ahang
935,nur
936,häufti
937,wiehnachte
938,gfiiret
939,dere
940,grosi
941,alass
942,get
943,ready
944,höhö
945,heter
946,komischi
947,haar
948,za
949,afro
950,afrikanischs
951,schwizer
952,locke
953,usgseh
954,hoi
955,mai
956,afangs
957,märz
958,wemes
959,hundert
960,äch
961,wieder
962,day
963,hi
964,gfahre
965,irgendöpperem
966,louft
967,ämu
968,vortragszüg
969,umeghocket
970,motivation
971,burgdorfer
972,heits
973,steit
974,druf
975,abzie
976,letscht
977,wärde
978,euter
979,aut
980,baud
981,sibzähni
982,eigentlech
983,gfüue
984,sig
985,wet
986,sibe
987,sächzähni
988,üses
989,team
990,aluegsch
991,äutischt
992,wird
993,füfezwänzgi
994,zwöiezwänzgi
995,einezwänzgi
996,junge
997,hüratet
998,ersch
999,hürate
1000,imne
1001,atrag
1002,gas
1003,nächscht
1004,herbst
1005,gliichziitig
1006,erfahre
1007,räschte
1008,verlobt
1009,location
1010,rot
1011,süess
1012,süesse
1013,sirup
1014,fium
1015,luege
1016,glace
1017,luscht
1018,chips
1019,öich
1020,labberä
1021,müesst
1022,ufschribe
1023,berndütsch
1024,gredt
1025,hochdütsch
1026,gmacht
1027,hätte
1028,hättisch
1029,play
1030,hättses
1031,ufgschribe
1032,eutereabe
1033,ganze
1034,zite
1035,höhöhö
1036,dütschi
1037,verstöh
1038,schwiizerdütsch
1039,wod
1040,müeh
1041,mitm
1042,diskussionsrundine
1043,tische
1044,eint
1045,tisch
1046,umegluegt
1047,eus
1048,teuwis
1049,extrem
1050,lose
1051,CHASPERLI
1052,hin
1053,PAW
1054,PATROL
1055,FEUERWEHRMANN
1056,SAM(.)
1057,kassette
1058,wir
1059,spielen
1060,drei
1061,hund
1062,zahle
1063,sechzighundert
1064,werden
1065,züg
1066,gnau
1067,härzig
1068,wünscht
1069,gschwüsterti
1070,code
1071,gott
1072,g
1073,t
1074,s
1075,bibu
1076,gschmückt
1077,p
1078,figürli
1079,gester
1080,zwö
1081,langsam
1082,näme
1083,SKYE
1084,ROCKY
1085,wobble
1086,ghöre
1087,verezeue
1088,hüete
1089,wunschliste
1090,handy
1091,füehre
1092,möcht
1093,uuh
1094,wünschisch
1095,eilech
1096,uhh
1097,schänke
1098,liebi
1099,wünsche
1100,lockestab
1101,vortag
1102,gwäsche
1103,gsehts
1104,wes
1105,ghüsteret
1106,usgseht
1107,verstrublet
1108,wä
1109,finges
1110,gfauts
1111,hase
1112,typische
1113,rossschwanz
1114,gle-
1115,uftue
1116,drum
1117,wickle
1118,glette
1119,läbe
1120,glettet
1121,stress
1122,beidi
1123,gwitzlet
1124,steisch
1125,viertu
1126,ufgtange
1127,haubi
1128,eim
1129,längt
1130,söue
1131,billet
1132,löse
1133,chumi
1134,fahrt
1135,mine
1136,luegä
1137,velo
1138,bschlosse
1139,wäggsecklet
1140,veloständer
1141,ungädüre
1142,füfedriisg
1143,nünedriisg
1144,ganzi
1145,igfahre
1146,seckle
1147,gumpe
1148,dänke
1149,grüeni
1150,ringli
1151,türe
1152,grüene
1153,nümme
1154,liebe
1155,lockfüehrer
1156,nächher
1157,hetter
1158,fahre
1159,dire
1160,nase
1161,leid
1162,immerhin
1163,verpasst
1164,sächsedrissg
1165,abgmacht
1166,wi
1167,sisch
1168,blöd
1169,schlimm
1170,ultra
1171,läng
1172,mittag
1173,isst
1174,hinger
1175,dra
1176,ob
1177,pfiife
1178,lehrt
1179,lachen
1180,lacht
1181,robbe
1182,fängt
1183,holt
1184,luft
1185,ausruf
1186,furt
1187,hustet
1188,kichert
1189,beim
1190,reden
1191,pfeifen
1192,ohne
1193,ton
1194,geräusch
1195,täuscht
1196,husten
1197,klicht
1198,zunge
1199,räusper
1200,stöhnt
1201,flüstert
1202,tüet
1203,planä
1204,mmm
1205,gloubi
1206,ofe
1207,ii
1208,zämä
1209,besprechä
1210,loufts
1211,asträngendi
1212,schueu
1213,gymeler
1214,mängisch
1215,eini
1216,nöi
1217,paraklass
1218,stöh
1219,merci
1220,kopfhörer
1221,ane
1222,grosse
1223,redet
1224,erkläre
1225,ey
1226,lost
1227,gäu
1228,zwöifige
1229,loset
1230,spongebob
1231,game
1232,dräck
1233,gummistifle
1234,schlöfle
1235,böimli
1236,liechtig
1237,schleuse
1238,chliine
1239,schlamm
1240,inegange
1241,versunke
1242,GRIECHELAND
1243,ide
1244,ferie
1245,strand
1246,militär
1247,zwölfjährige
1248,ligistuhl
1249,dürechrüüche
1250,irgendiwe
1251,fingerspitze
1252,zäihe
1253,ine
1254,ablige
1255,sandburg
1256,boue
1257,fiis
1258,kreativ
1259,wem
1260,wäm
1261,ghei
1262,sse
1263,gloubs
1264,nami
1265,chötzle
1266,eutere
1267,chärri
1268,gstohle
1269,gottesdienst
1270,chärre
1271,worde
1272,entsetzt
1273,wies
1274,wüsse
1275,seich
1276,inkusiv
1277,drinks
1278,hole
1279,zeige
1280,sone
1281,vierzä
1282,jünger
1283,motze
1284,alkohol
1285,bechunnt
1286,nächschte
1287,sträng
1288,kontrolliert
1289,drink
1290,pro
1291,person
1292,plötzlech
1293,heisi
1294,zämegschisse
1295,heicho
1296,mama
1297,guete
1298,geburtstag
1299,ehh
1300,ufknacke
1301,verzeut
1302,grosspapi
1303,papi
1304,ufknackt
1305,schnaps
1306,usetrunke
1307,ihne
1308,sötigi
1309,achegüttere
1310,ids
1311,koma
1312,darf
1313,probiere
1314,ä
1315,bitter
1316,BURGDORFER
1317,BÄRNER
1318,MÜNTSCHI
1319,scho(.)
1320,EVE
1321,drgäge
1322,schad
1323,feins
1324,getränk
1325,bispiu
1326,cooli
1327,extra
1328,pool
1329,cools
1330,huus
1331,übertribe
1332,beerpong
1333,adventure
1334,room
1335,träffe
1336,grad
1337,unlogisch
1338,ach
1339,apero
1340,handbauer
1341,besseri
1342,aune
1343,ifluss
1344,iiskunstläufere
1345,yup
1346,hand
1347,schüteler
1348,nh
1349,wimmis
1350,uttiger
1351,kunstturnerinne
1352,chrüzband
1353,grisse
1354,snowboardcross
1355,gletscher
1356,usland
1357,pumptrick
1358,roubrätt
1359,musiker
1360,klavier
1361,klassisch
1362,jazz
1363,hmh
1364,hornspilere
1365,gringlet
1366,instrument
1367,judo
1368,karate
1369,künstler
1370,füfzä
1371,vierezwänzg
1372,drzuecho
1373,jahrgang
1374,drüäzwänzg
1375,dèsch
1376,ruedere
1377,nöie
1378,bräit
1379,liechtatlet
1380,schwümmerin
1381,klav
1382,pianistin
1383,verteilt
1384,närä
1385,künschtler
1386,turmspringer
1387,unfau
1388,chopf
1389,brett
1390,agschlage
1391,hirnflüssigkeit
1392,litzt
1393,(unvertändlich)
1394,harmlos
1395,vergliichsch
1396,verletzige
1397,blibsch
1398,dini
1399,darfsch
1400,seisch
1401,sport
1402,bringts
1403,spart
1404,lieber
1405,schwärpunktfach
1406,lehrling
1407,hex
1408,irgendwo
1409,spanisch
1410,musik
1411,DEUTSCHLAND
1412,chor
1413,opere
1414,bg
1415,aluege
1416,schueuhuus
1417,uftreg
1418,lehrerin
1419,derte
1420,vorschleg
1421,tagesworkshops
1422,biuspiu
1423,settnige
1424,vortrag
1425,rollstuheu
1426,umgö
1427,öpperem
1428,bire
1429,suppechüchi
1430,ono
1431,survivaltäg
1432,heise
1433,GRAUBÜNDE
1434,gibsch
1435,elektronische
1436,gisch
1437,topf
1438,vergrabe
1439,tuesch
1440,mätteli
1441,schlafsack
1442,überläbe
1443,chrütlireis
1444,barfuess
1445,stärnehimmu
1446,kes
1447,gwicht
1448,höchstens
1449,verteilig
1450,würde
1451,ussetze
1452,bechöme
1453,charte
1454,kompass
1455,drisg
1456,franke
1457,inere
1458,ziitspanni
1459,standort
1460,buure
1461,übernachte
1462,gäud
1463,leiter
1464,fröie
1465,leite
1466,joa
1467,wos
1468,schächt
1469,züüg
1470,kritisch
1471,hingerfragsch
1472,überleisch
1473,fescht
1474,gfüeu
1475,troumdestination
1476,mmh
1477,sorry
1478,verzeu
1479,nääh
1480,gfüheu
1481,gehsch
1482,biuder
1483,influencer
1484,schöne
1485,fotospot
1486,stund
1487,astah
1488,foto
1489,tri
1490,ki
1491,trikimi
1492,k
1493,katakomb
1494,ire
1495,höhli
1496,blauem
1497,bundalp
1498,blausee
1499,ih
1500,gs
1501,wonr
1502,zuegfrore
1503,winter
1504,minus
1505,wintersschuh
1506,winterjacke
1507,skihose
1508,ihrne
1509,lackschüeli
1510,dänki
1511,gmüetleche
1512,spaziergang
1513,meinsch
1514,INSTAGRAM
1515,gondeli
1516,hiking
1517,beautiful
1518,nature
1519,really
1520,wirds
1521,astrengender
1522,föteli
1523,erschti
1524,schnäuschte
1525,vorus
1526,secklet
1527,tschuu
1528,vorne
1529,kollege
1530,FRIBOURGISCHE
1531,amne
1532,ehrgiz
1533,ku
1534,mire
1535,kollegin
1536,grossi
1537,ghüratet
1538,tochter
1539,ihrem
1540,ma
1541,wäutreis
1542,sächs
1543,reist
1544,wäutgschicht
1545,erschts
1546,DUBAI
1547,MALEDIVE
1548,BANGKOK
1549,öb
1550,einzelne
1551,etape
1552,ruum
1553,AUSTRALIE
1554,haubs
1555,würdi
1556,bueche
1557,häreflug
1558,motel
1559,luegi
1560,gani
1561,lehri
1562,lehrsch
1563,spannend
1564,family
1565,diner
1566,cousin
1567,teil
1568,kennsch
1569,würkl
1570,lech
1571,eeh
1572,bischs
1573,spät
1574,hello
1575,brüue
1576,kaputt
1577,dumm
1578,abzoge
1579,hasä
1580,gleit
1581,jacke
1582,gschosse
1583,sä
1584,ghockt
1585,bügu
1586,mes
1587,zwänzgi
1588,steu
1589,hüratä
1590,schüttle
1591,wiiser
1592,unge
1593,botz
1594,müehsam
1595,uswärte
1596,usländer
1597,settigi
1598,franzos
1599,glück
1600,ich
1601,mag
1602,kein
1603,hochdeutsch
1604,fernsehsprach
1605,ipod
1606,pod
1607,schatztrucke
1608,gschribe
1609,zahlecode
1610,schatz
1611,truh
1612,truhe
1613,poh
1614,patrol
1615,usprichsch
1616,MARSHALL
1617,dsch
1618,füürwehr
1619,hung
1620,RYDER
1621,hami
1622,wiehnacht
1623,vorhär
1624,sporttäsche
1625,gschänk
1626,glettise
1627,lockstab
1628,brucht
1629,bruuche
1630,gschafft
1631,stab
1632,clipper
1633,um
1634,drumwickle
1635,ufta
1636,ufä
1637,(..........)
1638,nünedrissg
1639,achtedrissg
1640,ifahrt
1641,trottinette
1642,gibi
1643,gheihe
1644,stäge
1645,chume
1646,fahr
1647,erläbt
1648,zig
1649,drückt
1650,aghaute
1651,inechönne
1652,schlimmer
1653,drücksch
1654,hanis
1655,fahrter
1656,enttüschig
1657,blick
1658,bsueche
1659,lehre
1660,vollem
1661,mund
1662,schmunzelt
1663,erholt
1664,seufzt
1665,bio
1666,chemie
1667,KROATIE
1668,touche
1669,meeresbiologie
1670,fragi
1671,spottend
1672,kichern
1673,gähnt
1674,ahmt
1675,weinen
1676,weil
1677,mich
1678,anschaut
1679,GP1
1680,ihr
1681,sirupglas
1682,nimmt
1683,lachendes
1684,ungerbräche
1685,wirde
1686,dezember
1687,vierezwänzgi
1688,wässerig
1689,gueti
1690,st-
1691,plus
1692,moins
1693,transkribiere
1694,wünschet
1695,wieni
1696,NICE
1697,QUOTE
1698,kommt
1699,ins
1700,zimmer
1701,eingeschenkt
1702,glas
1703,auf
1704,informiere
1705,sozäge
1706,u:nd
1707,iverständniserklärige
1708,gnusch
1709,sägets
1710,dis
1711,beidi:
1712,un
1713,name
1714,ne:
1715,du::
1716,punkt
1717,totau
1718,bünzlischwizerin
1719,(LACHT)
1720,muessi
1721,dämfau
1722,wohnet
1723,nume
1724,drü
1725,vonenang
1726,entfernt
1727,hautet
1728,chindheitsfründin
1729,ewig
1730,weme
1731,ufwachst
1732,achtzäni
1733,gli
1734,fertig
1735,nimi
1736,nü:m
1737,auzu
1738,ja:
1739,öie
1740,wit
1741,lä
1742,füfi
1743,woche
1744,sech
1745,((LACHEND)
1746,so)
1747,zämegsetzt
1748,ängli:sch)
1749,änglisch
1750,wächsle
1751,üebe
1752,"a'a's"
1753,der
1754,one
1755,länge
1756,müed
1757,i:s
1758,bräche
1759,witz
1760,tschuudigung
1761,uffrüsche
1762,wennd
1763,tagtäglech
1764,redsch
1765,kennet
1766,diskussionsstoff
1767,verschidnigste
1768,theme
1769,ehrlech
1770,unbedingt
1771,ussortiert
1772,per
1773,zuefau
1774,finget
1775,blödi
1776,verwärfe
1777,re
1778,witere
1779,delete
1780,brüetsche
1781,wiud
1782,äutere
1783,jüngere
1784,u:
1785,machtstrukture
1786,ändere
1787,mitem
1788,auter
1789,gäu)
1790,irgendwenn
1791,grössi
1792,usschlaggebend
1793,euch
1794,schwoste
1795,tendenziell
1796,ungerschide
1797,konflikte
1798,löst
1799,überwäutige
1800,wirschs
1801,vermisse
1802,chönntet
1803,winke
1804,nächi
1805,zollikofe
1806,ittige
1807,nachbarin
1808,gid
1809,zieht
1810,gad
1811,tür
1812,schwo
1813,uszieht
1814,warte
1815,gids
1816,ellei
1817,wohne
1818,uszoge
1819,äuter
1820,hoffi
1821,schwierig
1822,sueche
1823,früeh
1824,(e)r
1825,lust
1826,ers
1827,mittlerwile
1828,suechsch
1829,(-)
1830,fra:g
1831,no)
1832,dasmau
1833,glücks
1834,glücksma
1835,definitiv
1836,öii
1837,these
1838,froue
1839,männer
1840,ghört
1841,steuet
1842,bsoffnige
1843,pilot
1844,gieng
1845,job
1846,chönnt
1847,verbinde
1848,schliesst
1849,negativspirale
1850,v
1851,viune
1852,merkt
1853,a:
1854,verstecke
1855,aukohouproblem
1856,fründeskreis
1857,fautsch
1858,d(a)sch
1859,"so'"
1860,sött
1861,hoffentlech
1862,wüus
1863,glustet
1864,ua:
1865,beidem
1866,dir:
1867,entdeckt
1868,sirupbueb
1869,(weni
1870,ig)
1871,verloffe
1872,pflichte
1873,wahrgno
1874,oa:
1875,lehrkraft
1876,chöit
1877,meint
1878,passiere
1879,kiffe
1880,problem
1881,chli:
1882,thematisiert
1883,site
1884,lehrchräft
1885,hänkes
1886,derzue
1887,(i)sch
1888,usserhaub
1889,publiziere
1890,schuele
1891,sötti
1892,beachte
1893,fröhlechers
1894,thema
1895,öbs
1896,git:
1897,ou:
1898,dIr
1899,ech
1900,ehe
1901,hützutag
1902,bedütig
1903,sicherlech
1904,ufne
1905,usere
1906,perspektive
1907,früecher
1908,grosseutere
1909,aluegt
1910,ja:hre
1911,ersti
1912,begägnig
1913,nachdäm
1914,heiter
1915,gänderet
1916,generation
1917,säget
1918,dating
1919,apps
1920,tinder
1921,romantischi
1922,vorstellig
1923,bruchs
1924,öire
1925,nutze
1926,tabu
1927,kriterie
1928,mues
1929,talentshow
1930,me:
1931,kenni
1932,cartoon
1933,serie
1934,yes
1935,online
1936,chame
1937,"ja'"
1938,gern
1939,dem
1940,findi
1941,rückmeudig
1942,uftritt
1943,live
1944,performe
1945,würds
1946,emne
1947,trio
1948,dus
1949,uswändig
1950,lied
1951,top
1952,verborgnigi
1953,gheimnis
1954,singkarriere
1955,aktiv
1956,DAS
1957,wode
1958,(isch
1959,verarschisch
1960,gwüss
1961,gwüsses
1962,täglech
1963,wuche
1964,lustigs
1965,ereignis
1966,wome
1967,priorisiere
1968,theater
1969,demfau
1970,schribet
1971,ougust
1972,(dasch)
1973,klima
1974,debatte
1975,hui
1976,dergäge
1977,sechs
1978,eso
1979,stoff
1980,wett
1981,ungärn
1982,ungerbreche
1983,witerhin
1984,haute
1985,möchtet
1986,aktuell
1987,jugendleche
1988,schüeler
1989,schüelerinne
1990,e(ifa)ch
1991,ufstand
1992,ufsehe
1993,errege
1994,demos
1995,streiks
1996,diskussion
1997,pflanzlechi
1998,lösige
1999,interesse
2000,bevöukerig
2001,schneu
2002,absteue
2003,englischi
2004,wurzle
2005,australisch
2006,muetter
2007,eigentlich
2008,in
2009,bri
2010,brite
2011,gebore
2012,australie
2013,züglet
2014,auschtr
2015,bri_gebore
2016,sibni
2017,bruefsschueu
2018,verglich
2019,isches
2020,churz
2021,arbet
2022,stressig
2023,(jammer
2024,anger)
2025,iu
2026,rate
2027,chani
2028,schnure
2029,meinig
2030,mischig
2031,ungerstütze
2032,löschä
2033,lösä
2034,ik
2035,als
2036,konflikt
2037,brüederlechi
2038,ja:)
2039,stand
2040,usdiskutiere
2041,JA
2042,prüglet
2043,(ich
2044,cha)
2045,eich
2046,gwunne
2047,chunt
2048,drufa
2049,mitti
2050,acht
2051,(drunger
2052,ungere
2053,chlinste
2054,ähnlech
2055,chliner
2056,(de
2057,position
2058,vori
2059,grundsätzlech
2060,agfange
2061,steue
2062,währenddäm
2063,hani(ne)
2064,useschicke
2065,funktioniert
2066,hoffe
2067,vierte
2068,lehrjahr
2069,finanziell
2070,möglech
2071,min
2072,situation
2073,nja
2074,bereut
2075,uszügle
2076,drü:
2077,suechen
2078,neue
2079,wohnig
2080,suecht
2081,ebe
2082,fründin
2083,einiges
2084,müesstisch
2085,sägä
2086,(lacht)
2087,st
2088,vilech
2089,stimme
2090,na
2091,thes
2092,ufbout
2093,här
2094,ja::
2095,oberste
2096,welcher
2097,berufsgruppe
2098,findet
2099,man
2100,voraussichtlich
2101,den
2102,höchsten
2103,prozentsatz
2104,alkoholikern
2105,also
2106,überleget
2107,schlimmste
2108,brüef
2109,gastronomie
2110,nä:r
2111,hohi
2112,positione
2113,bruche
2114,die:
2115,hohem
2116,ärzt
2117,droge
2118,teamleader
2119,wahrschinlech
2120,(UNVERSTÄNDLICH)
2121,en
2122,blickwinku
2123,welem
2124,bruef
2125,n
2126,aukoholiker
2127,fautschi
2128,gruppe
2129,sinne
2130,weit
2131,alkoholiker
2132,söttet
2133,sauce
2134,früech
2135,wüuis
2136,cocktail
2137,vougstopfet
2138,betrinke
2139,derna
2140,betrunke
2141,erinnere
2142,abgwäsche
2143,ding
2144,organisiert
2145,dasses
2146,ablenkt
2147,richtigi
2148,möglechkeite
2149,"nä'ä"
2150,e:
2151,chürzlech
2152,komplett
2153,satt
2154,partner
2155,suechi
2156,ufghört
2157,bruchts
2158,eignet
2159,richtegi
2160,filter
2161,funktion
2162,gueten
2163,nähm
2164,fiuterfunktion
2165,zügs
2166,agä
2167,analogi
2168,wege
2169,zuestimme
2170,schlau
2171,e(i)fach
2172,ufga
2173,einigermasse
2174,hübsch
2175,sadischt
2176,sadistisch
2177,gäng
2178,ehm:
2179,säubstsüchtig
2180,liebste
2181,natürlich
2182,wien
2183,wieds
2184,bezeichnisch
2185,(HINTERGRUNDGERÄUSCH)
2186,kategorie
2187,ghör
2188,swiss
2189,voice
2190,tour
2191,glouffe
2192,uffüerig
2193,usegfunge
2194,irgenden
2195,blödsinn
2196,singe
2197,pinky
2198,and
2199,the
2200,brain
2201,intro
2202,gsunge
2203,fingsch
2204,youtube
2205,zwöihundertfüfzg
2206,ufrüef
2207,drühundertsechsezwänzg
2208,lustig
2209,glichfaus
2210,füehles
2211,besti
2212,hed
2213,(zur
2214,frou
2215,franz)
2216,gseid
2217,franzose
2218,westschwizer
2219,besser
2220,tu
2221,perdu
2222,rat
2223,back
2224,to
2225,looney
2226,tunes
2227,lächle
2228,kla::r
2229,huere
2230,geil
2231,erreicht
2232,jurys
2233,ärnst
2234,blöde
2235,geste
2236,güebt
2237,lorem
2238,ipsum
2239,innovativ
2240,fahne
2241,nation
2242,verarsche
2243,leider
2244,machi
2245,schribe
2246,üse
2247,eiget
2248,stück
2249,beschribig
2250,eigene
2251,g(a)d
2252,früehligsferie
2253,projektwoch
2254,houptcharakter
2255,beharre
2256,regu
2257,tueni
2258,outperforme
2259,hueren
2260,opfers
2261,kompensiere
2262,glichzitig
2263,härz
2264,priorität
2265,meiste
2266,prioriät
2267,wüu:
2268,umweut
2269,klimawandu
2270,drissgi
2271,vierzgi
2272,chlima
2273,vüu
2274,nöd
2275,master
2276,procrastinator
2277,professional
2278,musches
2279,bedütet
2280,nöcher
2281,theoretisch
2282,wenns
2283,rundum
2284,gaht
2285,witiste
2286,entfärnt
2287,planete
2288,dräit
2289,dräie
2290,distanz
2291,gfragt
2292,bedütisch
2293,schritt
2294,fleisch
2295,fleischkonsum
2296,mindere
2297,auternative
2298,abie
2299,vorschin
2300,energie
2301,umtusche
2302,nuklear
2303,spare
2304,best
2305,variante
2306,prio
2307,drufzahle
2308,plastik
2309,gebruchsplastik
2310,schrottwar
2311,schwiz
2312,wahnsinnig
2313,bringe
2314,löus
2315,fingeni
2316,(dir)
2317,streik
2318,sötsch
2319,entsprechend
2320,fachwüsse
2321,derbi
2322,seuber
2323,here
2324,vision
2325,vorgange
2326,werde
2327,(äbe
2328,schwach
2329,ITZ
2330,ufbringe
2331,serbie
2332,relativ
2333,aute
2334,serbische
2335,nachname
2336,schwizerischer
2337,chindergarte
2338,gliche
2339,gebäude
2340,näbenang
2341,erschte
2342,e:hm
2343,i:m
2344,dritte
2345,zistig
2346,länger
2347,(ha
2348,zisti
2349,kurs
2350,zertifikat
2351,C1
2352,dämentsprächend
2353,beklage
2354,schlecht
2355,darfi
2356,ist
2357,wahrscheinlich
2358,häufigste
2359,paare
2360,beziehungen
2361,streiten
2362,dezue
2363,wüui
2364,beziehig
2365,zwöiti
2366,sollen
2367,kinder
2368,selbst
2369,lösen
2370,sollten
2371,eltern
2372,eingreifen
2373,jimmy
2374,so:
2375,manuel
2376,werum
2377,eh:
2378,poschtouto
2379,lösig
2380,du:
2381,witermachsch
2382,hingergedanke
2383,später
2384,alüte
2385,hei:
2386,erfahrige
2387,sammle
2388,gschadet
2389,hässig
2390,ungerstützig
2391,häresta
2392,izbezieh
2393,glöst
2394,u::
2395,o:
2396,fust
2397,"o'o"
2398,drunger
2399,he
2400,wärs
2401,obere
2402,schwost
2403,gwöhnt
2404,konfliktfreudig
2405,achtzäh
2406,dragwöhne
2407,sägi
2408,ufmerksamkeit
2409,hockt
2410,bett
2411,DA
2412,haubstung
2413,zämezschisse
2414,ure
2415,passt
2416,störe
2417,duets
2418,gstritte
2419,stritet
2420,egoistisch
2421,ere
2422,zwöiezwänzg
2423,gwautsam
2424,ertrage
2425,demnächst
2426,mani
2427,logisch
2428,paranoid
2429,EG
2430,wäge
2431,ibrächer
2432,(ja)am
2433,hang
2434,baukon
2435,garte
2436,der:
2437,jawohl
2438,ostsite
2439,westsite
2440,baukon:
2441,j:
2442,gäge
2443,hinge
2444,dran
2445,üsem
2446,block
2447,hüser
2448,läbt
2449,WG
2450,wuchenend
2451,chapeau
2452,züri
2453,handumdrehe
2454,büro
2455,u:::
2456,hocke
2457,näb
2458,normalerwis
2459,sini
2460,sach
2461,endi
2462,basiert
2463,arbeitsplatz
2464,IT
2465,ungervertrete
2466,abgseh
2467,bruefsbiudnerinne
2468,coaches
2469,mediamatikerinne
2470,füf
2471,type
2472,zwänzg
2473,würden
2474,meisten
2475,menschen
2476,wohl
2477,einen
2478,blindtest
2479,von
2480,einem
2481,fünfzig
2482,euro
2483,wein
2484,fünf
2485,unterscheiden
2486,können
2487,aukohou
2488,(dès)
2489,gsehschs
2490,widegustationspersone
2491,taxifahrer
2492,stö
2493,hüfig
2494,höcherem
2495,druck
2496,irgendöppis
2497,coping
2498,seitme
2499,dütsch
2500,arbeitslos
2501,arbeit
2502,arbeitsgruppe
2503,definitive
2504,kandidat
2505,hützutags
2506,strass
2507,umelouft
2508,bänkli
2509,schlaft
2510,normale
2511,füftages
2512,su:fe
2513,KO
2514,umgheie
2515,mänti
2516,klischee
2517,wöu
2518,rein
2519,eventuell
2520,emau
2521,schluck
2522,mitstifte
2523,choche
2524,wük
2525,(irgendwie)
2526,tiramisu
2527,chueche
2528,aukohoufreis
2529,rouche
2530,gruset
2531,gäg
2532,roucht
2533,grusigste
2534,trinkt
2535,wenig
2536,letschte
2537,mal
2538,egau:
2539,musch
2540,dana
2541,no(rmaler)wis
2542,nüme
2543,wahrschinech
2544,kater
2545,worschinlech
2546,toll
2547,druffe
2548,wunger
2549,reagiert
2550,zettel
2551,unterricht
2552,sind
2553,drogenfrei
2554,öbd
2555,bringt
2556,nit
2557,niemerem
2558,high
2559,schuplatz
2560,gse:
2561,beneblet
2562,nöchste
2563,scheidig
2564,scheide
2565,vorsteue
2566,scheidigsstatistike
2567,ufegange
2568,jahrzehnte
2569,schlächts
2570,begründet
2571,mitenang
2572,ou
2573,grund
2574,verhüratet
2575,chinder
2576,schwanger
2577,finanzielle
2578,hochzit
2579,party
2580,günstig
2581,fähler
2582,drissg
2583,la
2584,hängt
2585,dermit
2586,neui
2587,parship
2588,gsi:
2589,igendwie
2590,verlürt
2591,partnersuechi
2592,swiping
2593,reduziere
2594,night
2595,aktueller
2596,engagiere
2597,entscheide
2598,azau
2599,churze
2600,beziehige
2601,dramatisch
2602,erhöht
2603,öper
2604,neus
2605,bevor
2606,einzige
2607,armselig
2608,profiu
2609,gschminkt
2610,instagram
2611,fiuter
2612,wundervoui
2613,biografie
2614,kener
2615,zwe
2616,meter
2617,füfedrissg
2618,mindistens
2619,hundertzwänzg
2620,lüpfe
2621,erfougrich
2622,nebebeschäftigung
2623,app
2624,inträsse
2625,personalisierti
2626,stiu
2627,lebe
2628,(ihre
2629,gsundes
2630,ego
2631,süchtig
2632,sim
2633,eigete
2634,erstickt
2635,glachet
2636,wiu
2637,fest
2638,glacht
2639,iatme
2640,nei:
2641,finde
2642,öi
2643,witze
2644,amüsant
2645,dranne
2646,stärbe
2647,komplimänt
2648,beleidigung
2649,entschide
2650,öbi
2651,video
2652,show
2653,o:je
2654,sponsore
2655,schamgfüeu
2656,französisch
2657,w(e)rum
2658,ruhig
2659,atme
2660,ehrlich
2661,tut
2662,ufträte
2663,SEHR
2664,dankend
2665,abglehnt
2666,nei:nei:
2667,talent
2668,shows
2669,nüd
2670,thea
2671,liste
2672,vierti
2673,wau
2674,(ha)
2675,uswähle
2676,uffüehred
2677,nei::
2678,gmischti
2679,GEIL
2680,(u:
2681,finnisches
2682,voukslied
2683,internetsensation
2684,wöus
2685,wienis
2686,wörter
2687,kauderwelsch
2688,verzeue
2689,be
2690,bekanntist
2691,oje
2692,wunderet
2693,kanon
2694,aller
2695,guten
2696,dinge
2697,(hoi
2698,tatsächlech
2699,(uf)
2700,text
2701,umgwandlet
2702,me:hreri
2703,wele
2704,witzigi
2705,gschicht
2706,wis
2707,prinzip
2708,melodie
2709,e:ja
2710,jedefaus
2711,churzes
2712,gedicht
2713,stueu
2714,zämeboue
2715,härebecho
2716,bluetig
2717,gändet
2718,chas
2719,nenne
2720,stouz
2721,präsentiere
2722,dasi
2723,zwöuf
2724,nationauhymnene
2725,französischi
2726,version
2727,refrain
2728,holländische
2729,flagge
2730,vanuatu
2731,NIE
2732,jetz
2733,ergit
2734,nachecho
2735,sones
2736,unscharfs
2737,biud
2738,internet
2739,flaggene
2740,det
2741,zwöimau
2742,itrag
2743,uganda
2744,komische
2745,wunder
2746,weissis
2747,interessierts
2748,erklärig
2749,thea:tergruppe
2750,miuchstrass
2751,eire
2752,skript
2753,vorbereite
2754,vertroue
2755,datum
2756,schicksch
2757,vergissischs
2758,wahrschinli
2759,roue
2760,trotzdem
2761,näh
2762,konkurrenz
2763,probiersch
2764,uszheble
2765,fuest
2766,diplomatisch
2767,vorzga
2768,weli
2769,grundschueu
2770,theaterevent
2771,(???)
2772,üsere
2773,oberstuefe
2774,(schüelerwächsu
2775,wächsle)
2776,gsichter
2777,grossprojekt
2778,musical
2779,hybrid
2780,theatergruppe
2781,permanent
2782,fakultativfach
2783,leute
2784,machen
2785,kleider
2786,jahresthema
2787,ghüder
2788,zämesammle
2789,ner
2790,ghüderseck
2791,ufenang
2792,gsteut
2793,gsammlet
2794,hitz
2795,längwiligi
2796,schueuzit
2797,sei
2798,dahingestellt
2799,beweggründ
2800,vorteilhaft
2801,säubstverständlech
2802,intressante
2803,themeschwung
2804,offizieu
2805,doktortitu
2806,know
2807,how
2808,lustigi
2809,ufgforderet
2810,kontroversi
2811,vonere
2812,eigntlech
2813,verschidene
2814,fragestellige
2815,konfrontiert
2816,zämehang
2817,fragestellig
2818,erde
2819,überlebenschance
2820,mönsche
2821,gäb
2822,umbringe
2823,rette
2824,irgendeme
2825,szenario
2826,mönschheit
2827,grosses
2828,witeri
2829,einehaub
2830,erreiche
2831,uswau
2832,entweder
2833,stirbt
2834,überlebe
2835,überlebt
2836,setzt
2837,gsamtheit
2838,umgekehrt
2839,beste
2840,lat
2841,ussert
2842,wäut
2843,grettet
2844,umbringt
2845,duuret
2846,schneust
2847,zure
2848,mönschefreie
2849,angerersits
2850,eskaliert
2851,ungerschid
2852,erhole
2853,irgendmau
2854,usserdem
2855,sta
2856,statistisch
2857,überfäuig
2858,vomne
2859,zerstörende
2860,asteroid
2861,unwahrschinlech
2862,planet
2863,zämeprau
2864,usstärbe
2865,vode
2866,dinosaurier
2867,astroide
2868,entstande
2869,mindestens
2870,viermau
2871,einzigs
2872,dervo
2873,verheerendi
2874,meini
2875,erhitze
2876,zerstöre
2877,jedi
2878,sekunde
2879,chance
2880,besteit
2881,grösser
2882,wahrschinlechkeit
2883,itrifft
2884,tuets
2885,regierig
2886,verschwige
2887,astronomie
2888,wüsseschaft
2889,astrologie
2890,sternzeiche
2891,offiziell
2892,bezeichne
2893,jehovas
2894,witnesses
2895,sekte
2896,jupiter
2897,eh::
2898,ar
2899,sunne
2900,abstand
2901,erdumloufbahn
2902,längi
2903,veränderet
2904,rütscht
2905,gwüsse
2906,ad
2907,antiklimawandukritiker
2908,ü
2909,wärmer
2910,füfzg
2911,dassme
2912,I
2913,heiss
2914,elon
2915,musk
2916,mars
2917,kolonialisiere
2918,cybertrucks
2919,staate
2920,ufhöre
2921,chohleenergie
2922,unterstütze
2923,teppich
2924,schiebe
2925,uslösche
2926,grüen
2927,langs
2928,technologie
2929,abfau
2930,chraftwerk
2931,wiederverwände
2932,interessant
2933,südamerika
2934,are
2935,universität
2936,studentin
2937,plas
2938,plastikvarant
2939,entwicklet
2940,kaktusfasere
2941,stabiu
2942,reguläres
2943,zersetzbar
2944,plastikröhrli
2945,bruchteil
2946,ozean
2947,grösst
2948,fischernetz
2949,fischer
2950,abschaffe
2951,migros
2952,plastiksack
2953,rappe
2954,kaktusvariante
2955,fördere
2956,abbout
2957,dünger
2958,angerne
2959,liechte
2960,stoffe
2961,sonderlech
2962,schoggitafle
2963,drituet
2964,kantene
2965,gebrauchsplastik
2966,plastiksäck
2967,gebruchsware
2968,houz
2969,mirs
2970,demonstriere
2971,palestinisch
2972,staat
2973,befreie
2974,ö
2975,passiv
2976,aggressivi
2977,briefe
2978,schicke
2979,lösigsvorschlag
2980,demo
2981,integriere
2982,umso
2983,lösigsvorschläg
2984,mensche
2985,einige
2986,ungerschidliche
2987,ungerschidlech
2988,sige
2989,verschiedene
2990,politische
2991,sichte
2992,formuliere
2993,schlussendlech
2994,innerhaub
2995,tofu
2996,schueuhus
2997,zäh
2998,sächsi
2999,unzite
3000,hock
3001,ussesiter
3002,bünzlischwizer
3003,lehr
3004,chürzer
3005,letschts
3006,muettersprachler
3007,bitz
3008,schade
3009,blau
3010,söttä
3011,(--)
3012,schlimme
3013,jährigi
3014,erster
3015,linie
3016,hiuf
3017,erwachsene
3018,vowäge
3019,fisch
3020,fische
3021,gstorbe
3022,was?
3023,tod
3024,des
3025,stärkeren
3026,mitgschlage
3027,ebenerdig
3028,verschiedne
3029,hus
3030,weles
3031,luegt
3032,wohnt
3033,bärn
3034,jaja
3035,weisses
3036,regumässig
3037,heigeit
3038,gloubes
3039,basislehrjahr
3040,deheim
3041,los
3042,achti
3043,acho
3044,bümpliz
3045,frauen
3046,mehr
3047,MIT
3048,keni
3049,gschlechter
3050,redi
3051,beides
3052,persönlech
3053,SBB
3054,gfärbte
3055,wisswi
3056,rotwi
3057,ungerscheide
3058,mass
3059,fläsche
3060,demit
3061,uskennt
3062,ch
3063,pris
3064,ungerschied
3065,wüklech
3066,professionell
3067,bösfahrer
3068,bi:tzi
3069,leiste
3070,medikament
3071,wettes
3072,eher
3073,vorurteilhaft
3074,töife
3075,jobs
3076,läbenssituation
3077,jedem
3078,solang
3079,nüchtern
3080,private
3081,nümm
3082,drichunnt
3083,verursache
3084,wo:
3085,schüsch
3086,ufezschoukle
3087,überschwappe
3088,näbem
3089,wuchenendi
3090,vorchunnt
3091,gschmack
3092,schins
3093,angerhaub
3094,wiglas
3095,gläärt
3096,(heig)
3097,hingereglärt
3098,hue
3099,himbeer
3100,a:::
3101,trurig
3102,bi:m
3103,dise
3104,nünte
3105,partys
3106,mittwuch
3107,donnstiabe
3108,abschiedsfest
3109,schüelerin
3110,kotzt
3111,kümmere
3112,chüble
3113,uso
3114,bitzi
3115,(sorry
3116,seine
3117,mau:
3118,bs
3119,nachwürkige
3120,spezifisch
3121,mitübercho
3122,höchschtens
3123,klischeehaft
3124,kolleg
3125,gymer
3126,ungerenang
3127,mein
3128,langjährigi
3129,partnerschaft
3130,fingt
3131,zunere
3132,glückleche
3133,füehrt
3134,wärt
3135,begägnet
3136,schneuer
3137,j::
3138,funktioniere
3139,schubladisiere
3140,anhand
3141,oberflächlechkeite
3142,quasi
3143,ablehne
3144,zuefäuig
3145,trifft
3146,nat
3147,natürlechi
3148,gägesitig
3149,nenenei
3150,suechkriterie
3151,ighaute
3152,wennis
3153,gwüssi
3154,erfüut
3155,off
3156,ursprünglech
3157,möchtsch
3158,gsungs
3159,ungsunds
3160,gsung
3161,ersticksch
3162,abemne
3163,stufe
3164,atmigsproblem
3165,überchunnsch
3166,chönnts
3167,stirbsch
3168,scham
3169,verschwinde
3170,würdet
3171,schöns
3172,duett
3173,awkward
3174,näbedran
3175,explodiert
3176,einzig
3177,theaterprojekt
3178,mimimimimimimimimimimimimimimi
3179,gmischte
3180,ufgno
3181,lieder
3182,müessemer
3183,ievan
3184,polkka
3185,bekannt
3186,dritt
3187,insider
3188,probierts
3189,komiker
3190,w
3191,gsuecht
3192,tscheggt
3193,valuatu
3194,hättschs
3195,tschegget
3196,verbunge
3197,vieri
3198,atlas
3199,übercho
3200,hingedinne
3201,ufglistet
3202,gliebt
3203,dänkes
3204,wül
3205,augemeinwüsse
3206,schicket
3207,uffüehrig
3208,gr
3209,gn:
3210,autor
3211,verschideni
3212,her
3213,märzwuche
3214,drüezwänzigst
3215,drissigste
3216,drüe
3217,viere
3218,füfe
3219,sächse
3220,sibenezwänzigst
3221,weicht
3222,schurke
3223,won
3224,spiut
3225,"ni'"
3226,schueutheater
3227,augemein
3228,oberstufe
3229,(d)
3230,ER
3231,stouzi
3232,stouze
3233,excusez
3234,seck
3235,istigsprogramm
3236,(z)
3237,isammle
3238,summerhitz
3239,luge
3240,klassezemekunft
3241,heisse
3242,ougste
3243,näch
3244,klassezämekunft
3245,gnervt
3246,programm
3247,(fürd
3248,projektwuche
3249,erfahrig
3250,wede
3251,sorge
3252,sächzgi
3253,interessiere
3254,ö:
3255,läbi
3256,mönsch
3257,meister
3258,drin
3259,churzfristig
3260,bitzeli
3261,langfristig
3262,lokfüehrer
3263,pensioniert
3264,dringend
3265,knapp
3266,sterilisiere
3267,radioaktivität
3268,schn
3269,tot
3270,saturn
3271,itreffe
3272,danke
3273,moment
3274,himmu
3275,beobachte
3276,akt(.)
3277,fernrohr
3278,gsehsches
3279,projekt
3280,horoskop
3281,bezeichnets
3282,schlaus
3283,ahja
3284,asteroide
3285,wägzieht
3286,gringeri
3287,bhouptet
3288,umloufbahne
3289,umloufbahn
3290,logik
3291,necher
3292,erhitzt
3293,gwappnet
3294,teslas
3295,mond
3296,schiesse
3297,heufe
3298,politiker
3299,amerika
3300,ETH
3301,einiger
3302,wasserstoff
3303,tribstoff
3304,zapfsüle
3305,tank
3306,füue
3307,gfährlech
3308,outofirma
3309,abboubar
3310,pla
3311,sch
3312,hingernache
3313,oscho
3314,usmache
3315,meines
3316,wäutwit
3317,verdammt
3318,gäbig
3319,nützlech
3320,plastikstueu
3321,röhrli
3322,säckli
3323,wägwärfware
3324,usem
3325,unsterbleche
3326,materiau
3327,produziert
3328,biuig
3329,plasik
3330,gratissäckli
3331,vergliche
3332,klimademo
3333,verschiedeni
3334,agno
3335,nünenünzg
3336,prozent
3337,unglücklech
3338,zfride
3339,sötte
3340,uswürkige
3341,anstatt
3342,düredänkt
3343,hundertprozentig
3344,perfekti
3345,gä:
3346,erwähnt
3347,nirgendwo
3348,importiere
3349,ersetze
3350,pflanzl
3351,pflanzlechs
3352,planzlechs
3353,eif
3354,fleischer
3355,fleischersatz
3356,gförderet
3357,bure
3358,beschäftige
3359,(gelächter)
3360,mitenand
3361,weimer
3362,umweltschutz
3363,schueuwäg
3364,oke
3365,ahni:g
3366,fast
3367,furious
3368,choufe
3369,harry
3370,potter
3371,viert
3372,füft
3373,kouft
3374,färnseh
3375,zwüse
3376,witerluege
3377,set
3378,ei(gentle)ch
3379,ürgend
3380,horror
3381,angst
3382,stört
3383,schlafe
3384,überall
3385,äh
3386,verarbeite
3387,schlaf
3388,tröimi
3389,verwachi
3390,schlafi
3391,black
3392,b
3393,bird
3394,box
3395,szene
3396,ischlaht
3397,wiener
3398,ähm
3399,abschlachte
3400,pfff
3401,dystopian
3402,science
3403,fiction
3404,wälte
3405,maze
3406,runner
3407,tribute
3408,panem
3409,usflüg
3410,hamer
3411,denkt
3412,ni:d
3413,wetti
3414,riche
3415,gsund
3416,zombie
3417,mutiere
3418,oft
3419,verkörpere
3420,shit
3421,katastrophal
3422,regt
3423,nachdenke
3424,roboterzüg
3425,chino
3426,albe
3427,roboter
3428,kassierer
3429,effizienter
3430,nachkomme
3431,muesses
3432,survival
3433,of
3434,fittest
3435,first
3436,who
3437,dies
3438,gantwortet
3439,snappe
3440,last
3441,christmas
3442,gugge
3443,ahso
3444,andere
3445,eigenlech
3446,halb
3447,irgendeinisch
3448,nachbare
3449,ähnleche
3450,alter
3451,wettsch
3452,schuelkollege
3453,anders
3454,zweck
3455,gsellschaftstanze
3456,auschtralie
3457,heige
3458,mc
3459,donalds
3460,schuelhus
3461,heig
3462,gnu
3463,mac
3464,verleide
3465,glustets
3466,verzellt
3467,schuel
3468,doku
3469,menne
3470,dumms
3471,experiment
3472,obme
3473,bezwecke
3474,dokter
3475,grösste
3476,cola
3477,large
3478,riesig
3479,übergä
3480,abbroche
3481,dürezie
3482,salat
3483,undersuecht
3484,zucker
3485,sosse
3486,blute
3487,fazit
3488,kalorie
3489,agäbe
3490,körper
3491,ufnimmt
3492,burger
3493,king
3494,KFC
3495,generell
3496,food
3497,issisch
3498,giuted
3499,subway
3500,gsünder
3501,intensiv
3502,pizza
3503,manis
3504,sandwich
3505,ui
3506,vieli
3507,ananas
3508,youtuber
3509,bestrafig
3510,meme
3511,wosi
3512,powerade
3513,blaue
3514,teigware
3515,gchochet
3516,strawberry
3517,tomatesosse
3518,näre
3519,erdbeer
3520,öppisem
3521,ɡnu
3522,erdbeeri
3523,pringles
3524,zitli
3525,pommes
3526,frites
3527,ketchup
3528,flavour
3529,öppert
3530,gässe
3531,ses
3532,grusig
3533,flavours
3534,krasse
3535,((FLÜSTERT)
3536,unnötig
3537,dollar
3538,store)
3539,target
3540,berüehmt
3541,tiktok
3542,youtuberin
3543,tiktoker
3544,befründet
3545,will
3546,college
3547,googlet
3548,"he's"
3549,famous
3550,allem
3551,miranda
3552,sing
3553,verarscht
3554,sälber
3555,schminkt
3556,j
3557,sings
3558,fictional
3559,character
3560,erstens
3561,gsehs
3562,bewegige
3563,verrecke
3564,wärdene
3565,wobi
3566,doppusport
3567,ehnste
3568,herr
3569,mitmache
3570,tanze
3571,woner
3572,bodeturne
3573,nächst
3574,nägst
3575,numau
3576,akzeptiert
3577,allne
3578,then
3579,YOU
3580,need
3581,do
3582,that
3583,iche
3584,grüessech
3585,grüess
3586,lachet
3587,handbau
3588,lueg
3589,dusse
3590,markechleider
3591,t-shirt
3592,wette
3593,chosted
3594,achtzg
3595,stutz
3596,hellgrau
3597,schwitzisch
3598,glichligi
3599,marke
3600,usgit
3601,ufgregt
3602,meitli
3603,flügt
3604,ihn
3605,schönling
3606,chan
3607,fies
3608,lehrerschwarm
3609,chönntis
3610,ischätze
3611,verwirre
3612,endzg
3613,zwüsche
3614,vierzg
3615,färbt
3616,graue
3617,gsicht
3618,verglichsch
3619,läbenswisheite
3620,graui
3621,änds
3622,alt
3623,füfzgi
3624,söus
3625,derzueglehrt
3626,verschiednige
3627,mutatione
3628,lernziu
3629,striche
3630,lebensgschicht
3631,redt
3632,zeigt
3633,albinohas
3634,gfunde
3635,federe
3636,schneehase
3637,wiss
3638,weds
3639,teste
3640,vögu
3641,ifange
3642,chrüze
3643,emene
3644,aneme
3645,vogu
3646,hingernacherenne
3647,igfange
3648,tubene
3649,albinotube
3650,verwütscht
3651,vi
3652,sex
3653,hasst
3654,jo
3655,venedig
3656,rom
3657,friti
3658,vore
3659,italienisch
3660,bü
3661,machet
3662,früehlig
3663,reis
3664,göht
3665,ɡö
3666,prima
3667,gömer
3668,fire
3669,fie
3670,firenze
3671,toscana
3672,budapest
3673,spanie
3674,tessin
3675,EF-wuche
3676,florenz
3677,houptstadt
3678,alk
3679,kauft
3680,wiederhout
3681,tertia
3682,lebenssituation
3683,chanis
3684,nu
3685,alleini
3686,hu
3687,wüssts
3688,witerhout
3689,freifächler
3690,freifach
3691,arme
3692,latinisch
3693,ienisch
3694,italien
3695,italie
3696,schwerpunktfächler
3697,freiwiuig
3698,niene
3699,versteisch
3700,anderi
3701,wiene
3702,medizin
3703,studiere
3704,informatiker
3705,bh
3706,gsichtsforme
3707,gsesch
3708,wienes
3709,achtegg
3710,gsichtsform
3711,"ne'nei"
3712,gsichtform
3713,alles
3714,forme
3715,gschichtsstund
3716,ichecho
3717,häsli
3718,ne:i
3719,di:ng
3720,aff
3721,gnärvt
3722,husufgabe
3723,quarta
3724,kene
3725,tsja
3726,gymerlehrer
3727,praktikum
3728,major
3729,minor
3730,psychologie
3731,beidne
3732,schlussentlech
3733,unterrichte
3734,einzelni
3735,Ps
3736,chämti
3737,philosophiekrise
3738,pädagogik
3739,coolste
3740,diskutiersch
3741,steut
3742,thesene
3743,letschthin
3744,doktor
3745,zuekunft
3746,studiert
3747,begründe
3748,abratet
3749,studiersch
3750,schwöschter
3751,psychiater
3752,iga
3753,zwöitens
3754,suizid
3755,glandet
3756,sitene
3757,schlächte
3758,barriere
3759,schlechte
3760,gheisch
3761,efach
3762,zrüggzieh
3763,ts
3764,h
3765,distanziere
3766,afö
3767,abgschafft
3768,warnig
3769,weis
3770,verbunde
3771,usdrück
3772,emoji
3773,netflix
3774,mou:
3775,james
3776,corden
3777,cats
3778,hättsch
3779,mitzcho
3780,chunnts
3781,elf
3782,füfte
3783,ends
3784,januar
3785,chatz
3786,rebel
3787,wilson
3788,pitch
3789,perfect
3790,blondi
3791,jason
3792,derulo
3793,taylor
3794,swift
3795,cat
3796,lover
3797,chatze
3798,rollene
3799,apasst
3800,gfaue
3801,depri
3802,angersch
3803,erwachse
3804,loser
3805,singt
3806,depressive
3807,sänger
3808,allgemeine
3809,schouspieler
3810,berühmt
3811,agsteut
3812,england
3813,glynn
3814,agstellt
3815,offices
3816,shops
3817,verdiene
3818,mo
3819,partei
3820,rezo
3821,i:::
3822,ame
3823,proof
3824,vlogger
3825,(gang
3826,alfie
3827,deyes
3828,daily
3829,ladt
3830,vlog
3831,vloggt
3832,schnidt
3833,schnidts
3834,selber
3835,findets
3836,alte
3837,vlogs
3838,tagebuech
3839,privati
3840,allgemeini
3841,shoppe
3842,brighton
3843,van
3844,teile
3845,gfiumet
3846,würkt
3847,drama
3848,freak
3849,wäglege
3850,zoella
3851,zoe
3852,sugg
3853,berüehmti
3854,nöijahr
3855,längers
3856,channels
3857,channel
3858,videos
3859,ufeladt
3860,challenges
3861,talkshows
3862,podcasts
3863,halt
3864,ufwändiger
3865,närve
3866,youtubers
3867,logan
3868,paul
3869,jake
3870,skandal
3871,wetts
3872,a:h
3873,spekulation
3874,dolan
3875,twins
3876,charles
3877,emma
3878,chamberlain
3879,sister
3880,squad
3881,gnannt
3882,friends
3883,häbt
3884,spekulatione
3885,zwöine
3886,ethan
3887,agluegt
3888,glächlet
3889,kommentär
3890,schnä
3891,tschudigung
3892,usenang
3893,(i)schs
3894,zwillinge
3895,usraste
3896,kommentar
3897,alli
3898,irgendeso
3899,posted
3900,psychisch
3901,zyt
3902,psyche
3903,twitteret
3904,froh
3905,jemaus
3906,kenneglehrt
3907,responds
3908,aaron
3909,rumour
3910,zämehäng
3911,loht
3912,berüehmtheite
3913,kommentiere
3914,denke
3915,vergüdisch
3916,instasite
3917,öppertem
3918,berüehmtem
3919,null
3920,komma
3921,fans
3922,unnötigi
3923,stars
3924,unnötigs
3925,kommen
3926,bhaute
3927,rektion
3928,reaktion
3929,gseuschaft
3930,abelade
3931,chind
3932,überwache
3933,verschtah
3934,gotte
3935,FMS
3936,ustuschjahr
3937,instragram
3938,abeglade
3939,whatsapp
3940,bild
3941,social
3942,media
3943,postet
3944,mei
3945,poliziste
3946,sicherheit
3947,soziale
3948,medie
3949,ufelade
3950,schuelhusgang
3951,ufhänke
3952,stuel
3953,chläbe
3954,grossmuetter
3955,poste
3956,watcher
3957,player
3958,dave
3959,franco
3960,miete
3961,dütsche
3962,wüssti
3963,teen
3964,wolf
3965,amerikanische
3966,amerikanischi
3967,wil
3968,stories
3969,beklagt
3970,usgrastet
3971,schottland
3972,DVDs
3973,deheime
3974,cinderella
3975,disney
3976,filme
3977,pocahontas
3978,plattform
3979,blibt
3980,speziells
3981,verfilme
3982,heidi
3983,nils
3984,holgersson
3985,jö
3986,icheluege
3987,shaun
3988,schaf
3989,pfuuh
3990,bär
3991,halbmond
3992,dernäbe
3993,rägebogebärli
3994,emily
3995,gschenkt
3996,schmöckt
3997,honigkuchenpferd
3998,not
3999,bubblegum
4000,meerjungfroue
4001,schwümme
4002,paw
4003,zueteilt
4004,mako
4005,H2O
4006,yakari
4007,gahni
4008,norm
4009,termin
4010,schribi
4011,wa
4012,willsch
4013,(i
4014,ja)
4015,büecher
4016,witerschnure
4017,père
4018,nüu
4019,dänk
4020,(cha)sch
4021,letschtens
4022,tststs
4023,american
4024,sniper
4025,chriegsfium
4026,babyszene
4027,bébé
4028,unecht
4029,puppe
4030,KOMISCH
4031,geili
4032,horrorfiume
4033,(im
4034,zäut
4035,blind
4036,birds
4037,verbundnige
4038,ouge
4039,umedingsle
4040,bo
4041,eig
4042,horrorfium
4043,han
4044,jesus
4045,illegal
4046,me:ga
4047,bispiel
4048,mirror
4049,komiste
4050,hocksch
4051,änderet
4052,verhaute
4053,versteit
4054,biuiger
4055,sölli
4056,sägemer
4057,beschtimmte
4058,zytspanni
4059,kassie:rer
4060,zerst
4061,usrä
4062,igä
4063,kasse
4064,usenäh
4065,schnursch
4066,mitne
4067,effektiver
4068,söui
4069,(hesch
4070,eigeti
4071,entwickle
4072,sklave
4073,behandlet
4074,robot
4075,nime
4076,vergisses
4077,geht
4078,(dere
4079,nachteil
4080,däiche
4081,nebraska
4082,verleideter
4083,fä
4084,fähle
4085,nährstoff
4086,erwarte
4087,jop
4088,däich
4089,ungsung
4090,tuenis
4091,nimes
4092,br
4093,brot
4094,(irgendwo
4095,giengi
4096,gsündste
4097,verschiednigs
4098,druftue
4099,verschiednis
4100,zausch
4101,gägeargument
4102,okey
4103,sauzigs
4104,süesses
4105,verwirrt
4106,(isch)
4107,notwendig
4108,walmart
4109,tar
4110,crazier
4111,ichoufe
4112,schwein
4113,sägemers
4114,tälentiert
4115,"a'a'"
4116,schiis
4117,fotos
4118,nachesteue
4119,perfekt
4120,usgrichtet
4121,motto
4122,nache
4123,real
4124,life
4125,versus
4126,irgende
4127,promi
4128,"a'"
4129,komedy
4130,comedy
4131,morn
4132,tanz
4133,aschisse
4134,abga
4135,rastet
4136,chömm
4137,chöng
4138,socke
4139,bou:m
4140,fröit
4141,grätturne
4142,hett
4143,zwo
4144,starrt
4145,boa
4146,ougekontakt
4147,agstarrt
4148,help
4149,turnhaue
4150,bin
4151,garderob
4152,suffe
4153,laptop
4154,ufboue
4155,schneue
4156,gäuet
4157,definiert
4158,lachend
4159,hocki
4160,bed
4161,grätr
4162,hau
4163,dinghaue
4164,grätrum
4165,pföste
4166,chööt
4167,mithäufe
4168,hane
4169,tor
4170,ufsteue
4171,lieb
4172,stimmig
4173,mach
4174,gedanke
4175,tolle
4176,charakter
4177,bewärti
4178,sportlehrer
4179,IG
4180,gschätzt
4181,nüne
4182,mum
4183,verwirrend
4184,füfedrissgi
4185,risiko
4186,down
4187,syndrom
4188,dänkemer
4189,e(igentle)ch
4190,(h)albinoamsle
4191,albinoamsle
4192,fötele
4193,fucking
4194,amsle
4195,strich
4196,fäli
4197,schnee
4198,brun
4199,wiis
4200,albino
4201,gsunde
4202,wissi
4203,amslene
4204,fah
4205,albinoamslene
4206,überspringe
4207,uetedor
4208,uetedorf
4209,mühle
4210,tube
4211,lo
4212,li
4213,villecht
4214,apriu
4215,scheiss
4216,non
4217,würkli
4218,Italie
4219,bsüecherle
4220,lol
4221,abschluss
4222,primaner
4223,auk
4224,adreiht
4225,weiter
4226,chlei
4227,aukohol
4228,terzia
4229,tüscht
4230,schwerpunktfachreis
4231,ital
4232,frankrich
4233,wandtafele
4234,nö
4235,wörtli
4236,latinischwörtli
4237,stärkt
4238,selbstbewusstsein
4239,hilft
4240,bei
4241,anderen
4242,sprachen
4243,beispiel
4244,stuss
4245,verreckt
4246,gibt
4247,bessere
4248,noten
4249,schwerpunkt
4250,gsuech
4251,sprach
4252,vorteil
4253,vieregg
4254,tier
4255,verchlüpfts
4256,murmeli
4257,gf
4258,praktikante
4259,anschinend
4260,lah
4261,strub
4262,praktika
4263,böse
4264,fächer
4265,arschstudium
4266,pf
4267,dont
4268,chönntsch
4269,oberstufelehrer
4270,ungerrichte
4271,philosophie
4272,bau
4273,chäm
4274,sou
4275,pädagogikkrise
4276,gebornige
4277,philosoph
4278,philosophiere
4279,philosophe
4280,sichtwisene
4281,respekt
4282,schiss
4283,beantworte
4284,mönschlechi
4285,spannenste
4286,begah
4287,mental
4288,starch
4289,überschrift
4290,emojis
4291,fake
4292,wahr
4293,fat
4294,amy
4295,oustraliere
4296,fingis
4297,komi
4298,talkshow
4299,mitspiele
4300,rihanna
4301,obwou
4302,werbefründlech
4303,wärbige
4304,bechunnsch
4305,produkt
4306,zuegsendet
4307,klick
4308,ufwändigi
4309,julien
4310,bam
4311,shoote
4312,special
4313,effects
4314,schnide
4315,irgendwelchi
4316,beauty
4317,zeigsch
4318,konzept
4319,derhinger
4320,(dumm
4321,privatsphäri
4322,kamera
4323,gfahr
4324,fiumt
4325,hanget
4326,rueh
4327,leuge
4328,querbeet
4329,interessiert
4330,mehrheitlech
4331,dütschsprachigi
4332,intressiert
4333,labere
4334,reactions
4335,wasi
4336,düregstige
4337,strit
4338,iverstange
4339,(d)ass
4340,spekuliere
4341,hasskommentär
4342,üf
4343,überenang
4344,abläsch
4345,ablästere
4346,korrekt
4347,erwartisch
4348,chindergartemässig
4349,sörigi
4350,bedeckt
4351,wotti
4352,logischerwiis
4353,fausche
4354,privat
4355,grännet
4356,ungerstützt
4357,schuld
4358,rueder
4359,witergmacht
4360,spiele
4361,spieli
4362,spiu
4363,psycho
4364,ärnsthaft
4365,usrasch
4366,wesch
4367,bessers
4368,analysiere
4369,irgendöpper
4370,wen
4371,meiniɡ
4372,produktiv
4373,mean
4374,härzlech
4375,int
4376,schribt
4377,provozieres
4378,hautisch
4379,fingschs
4380,irgendes
4381,artiku
4382,fouged
4383,öine
4384,störts
4385,recht
4386,bezwifle
4387,druschöme
4388,hänke
4389,säute
4390,sorere
4391,ang
4392,usefinge
4393,usgsed
4394,bezwifles
4395,englische
4396,my
4397,britischi
4398,amerikaner
4399,chouft
4400,money
4401,ächte
4402,nämes
4403,drab
4404,trickfium
4405,pumuckl
4406,viech
4407,viecher
4408,somne
4409,wisse
4410,sofa
4411,weutau
4412,aliens
4413,plüschig
4414,plüschhung
4415,plüsch
4416,alien
4417,weutall
4418,zeiche
4419,"pa'"
4420,ranze
4421,bäre
4422,dinger
4423,buch
4424,verschiedefarbig
4425,glu
4426,maubiuder
4427,usgmaut
4428,dad
4429,dora
4430,fernseh
4431,persone
4432,trailer
4433,meerjungfrau
4434,nöime
4435,what
4436,mitluege
4437,einsich
4438,meerjungma
4439,jesses
4440,bum
4441,((SINGT)
4442,yakari)
4443,gäbigste
4444,coucou
4445,kussgeräusch
4446,schlag
4447,lut
4448,dütlech
4449,stueuproblem
4450,hocker
4451,usfüeue
4452,verschidnigi
4453,öpis
4454,verzeuet
4455,autgriechische
4456,götter
4457,rossfäud
4458,iz
4459,spilet
4460,instrumänt
4461,tuba
4462,orchester
4463,ver
4464,leitets
4465,neu
4466,vatter
4467,neufäud
4468,ehhm
4469,irgendöpis
4470,wès
4471,ws
4472,geschicht
4473,bsunders
4474,schief
4475,ehrerundi
4476,machschs
4477,vorschleger
4478,gfüu
4479,schlafmanggo
4480,gah
4481,fändet
4482,schuu
4483,früe
4484,gsie
4485,grd
4486,mhmmm
4487,usgang
4488,chömmet
4489,eui
4490,haue
4491,eues
4492,auters
4493,letzte
4494,äue
4495,usbiudig
4496,eure
4497,kra
4498,desinteresse
4499,welne
4500,ghörsch
4501,närvigs
4502,störends
4503,ungerricht
4504,usgangs
4505,fraktion
4506,nim
4507,anonym
4508,überforderet
4509,wükech
4510,göt
4511,fründe
4512,aghänkt
4513,gwäut
4514,mm
4515,frouegruppe
4516,ufglade
4517,geiz
4518,zwöiehaub
4519,wüsst
4520,wärdet
4521,kunsthochschueu
4522,option
4523,eigentleche
4524,füraum
4525,studium
4526,dütschland
4527,günstiger
4528,ziviudienst
4529,abr
4530,würket
4531,eiglech
4532,realis
4533,bewusst
4534,bewusstsin
4535,müglech
4536,realistisch
4537,wükleche
4538,esch
4539,ungerscheidet
4540,generatione
4541,euem
4542,umfäud
4543,sowie
4544,faus
4545,politischer
4546,politischs
4547,fäud
4548,linggs
4549,informiert
4550,aktiver
4551,tagespolitischi
4552,abstimmige
4553,sensibilisiert
4554,tagespolitik
4555,beide
4556,feminismus
4557,gender
4558,transgender
4559,emanzipation
4560,bietet
4561,begägnigsorte
4562,konzärt
4563,klassik
4564,rap
4565,faber
4566,züridütsch
4567,ders
4568,letzti
4569,infos
4570,gseuschaftleche
4571,läset
4572,luget
4573,srf
4574,zitige
4575,wr
4576,nome
4577,stoppe
4578,fuck
4579,hätsch
4580,slang
4581,hättet
4582,ost
4583,ju
4584,ungerschribe
4585,sprachufnahm
4586,anonymisiert
4587,identität
4588,vertroulech
4589,ufnahm
4590,jederzit
4591,zrüg
4592,einezwänzigst
4593,jaa
4594,voujährig
4595,kläbt
4596,fingts
4597,isingüebige
4598,anderthaub
4599,hyperaktivs
4600,badi
4601,grendt
4602,autgriechischi
4603,ägyptischi
4604,gschnurrt
4605,tüechli
4606,agfründet
4607,ungergange
4608,dürmischlet
4609,schuechreis
4610,akrüzlet
4611,querflöte
4612,bläser
4613,flöte
4614,piccolo
4615,kompetänt
4616,leitet
4617,richtigs
4618,...
4619,minuspünkt
4620,chillig
4621,flexe
4622,jugendsprach
4623,träisch
4624,begabt
4625,pünkt
4626,gstartet
4627,immens
4628,akzäntfacharbeit
4629,novelle
4630,sabotiere
4631,math
4632,geballt
4633,test
4634,schlafmangu
4635,gses
4636,hobby
4637,ufrächterhaute
4638,badmington
4639,trainig
4640,nüni
4641,franzwörtli
4642,essay
4643,abgä
4644,ufgstange
4645,wuchenänd
4646,penni
4647,müeu
4648,usserdäm
4649,zäni
4650,eufi
4651,whack
4652,bringsch
4653,chraft
4654,gäbe
4655,hobbys
4656,reihewis
4657,gsunke
4658,konzentriere
4659,wöi
4660,näbesach
4661,zäntrum
4662,gymerläbe
4663,hardcore
4664,schisst
4665,chömme
4666,house
4667,clubs
4668,bierhübeli
4669,gaschessu
4670,praktisch
4671,momou
4672,ispruch
4673,usgängertype
4674,harzer
4675,dschungu
4676,rave
4677,informatione
4678,indianerparty
4679,quer
4680,irgendwelche
4681,chäuer
4682,chlatsch
4683,verschidnige
4684,arte
4685,soziau
4686,mittupunkt
4687,auterssegmänt
4688,quartaner
4689,tertianer
4690,sy
4691,nerds
4692,gsamthaft
4693,übergangsphase
4694,gsy
4695,kem
4696,konntakt
4697,usbüti
4698,verändert
4699,jeder
4700,vibe
4701,level
4702,gvibet
4703,peaced
4704,offener
4705,azluege
4706,fang
4707,fraktionsübergrifend
4708,oho:
4709,ne:rds
4710,nätt
4711,agnähm
4712,sibte
4713,achte
4714,müe
4715,sitzordnig
4716,sitzte
4717,mess
4718,festi
4719,grüppelig
4720,schlechter
4721,dürmischter
4722,nächär
4723,dingslet
4724,grüppeli
4725,biudet
4726,abzspaute
4727,rächts
4728,wort
4729,gwächslet
4730,hundertprozäntig
4731,arbeite
4732,ufmüpfig
4733,schreie
4734,fö
4735,coole
4736,mathtest
4737,füfehaubi
4738,ghout
4739,leader
4740,sträberin
4741,abstämple
4742,komplet
4743,abgsonderet
4744,karriere
4745,fixiert
4746,dummi
4747,abgstämplet
4748,üssere
4749,note
4750,übergrifig
4751,verbracht
4752,sack
4753,gse
4754,eigeständigi
4755,verla
4756,wend
4757,satz
4758,lu
4759,grusigi
4760,ougebraue
4761,fuze
4762,huerre
4763,OBERHÄNSLI
4764,läck
4765,frässe
4766,balleret
4767,voukotzt
4768,einzu
4769,randständigi
4770,igla
4771,umetoure
4772,usserschuelisch
4773,schu
4774,abgstürzt
4775,cookies
4776,backe
4777,schö
4778,überzügt
4779,JEFFIM
4780,klassechat
4781,gmüet
4782,dumme
4783,chemielehrer
4784,vorbei
4785,ein
4786,zwei
4787,grade
4788,breit
4789,coolen
4790,vergessen
4791,klasse
4792,maturreis
4793,save
4794,lehne
4795,rise
4796,gschiss
4797,schreit
4798,übermacht
4799,heufti
4800,kenn
4801,LINUS
4802,FINN
4803,lustige
4804,spüchli
4805,abziet
4806,fräch
4807,schmeisst
4808,chätschi
4809,raus
4810,kaugummi
4811,schrei
4812,nicht
4813,muss
4814,umgange
4815,zrüggschribe
4816,war
4817,hause
4818,heute
4819,morgen
4820,verfügbar
4821,modi
4822,ufdringlech
4823,steizit
4824,DANA
4825,LIA
4826,bumsisch
4827,häb
4828,(unverständlich
4829,wüsses
4830,nene
4831,euteri
4832,nünteler
4833,fms
4834,theaterstück
4835,asteit
4836,gechillt
4837,übermässig
4838,zwäcksgmeinschaft
4839,däne
4840,gfaut
4841,glücklech
4842,übergrifend
4843,sitze
4844,REMO
4845,böser
4846,stiue
4847,schisse
4848,bedrohend
4849,gmobt
4850,gnueg
4851,JOHANNA
4852,JELSA
4853,lästig
4854,gieli
4855,gmischlet
4856,giele
4857,ruhige
4858,soo
4859,schüch
4860,lö
4861,chille
4862,SARVANJA
4863,euterlech
4864,schüche
4865,tamile
4866,araber
4867,giu
4868,platonisch
4869,ziemlech
4870,modis
4871,gschlosse
4872,usser
4873,drüergruppe
4874,ufregender
4875,mische
4876,bizeli
4877,lager
4878,modizimmer
4879,stresst
4880,pennt
4881,verbote
4882,ufgladni
4883,plane
4884,wü
4885,überhopt
4886,plegere
4887,mittuwäg
4888,epfl
4889,fach
4890,maschine
4891,ragete
4892,ingenieur
4893,baz
4894,eth
4895,physik
4896,dümple
4897,fa
4898,praktike
4899,design
4900,ganu
4901,überleg
4902,konkuränz
4903,abartig
4904,konsi
4905,klavierlehrer
4906,frei
4907,argentinier
4908,russe
4909,konzärtpianiste
4910,tubist
4911,probier
4912,solo
4913,pianist
4914,gsägnet
4915,giger
4916,solistediplom
4917,solist
4918,enseble
4919,ewige
4920,jahre
4921,asturm
4922,auergröste
4923,traviata
4924,houptroue
4925,besetze
4926,lü
4927,polnische
4928,achzg
4929,hungerslohn
4930,ios
4931,biz
4932,talentiert
4933,pole
4934,ensemble
4935,begabti
4936,setze
4937,wüuds
4938,schaffsch
4939,setzisch
4940,problematisch
4941,übet
4942,superstar
4943,JONAS
4944,KAUFMANN
4945,neä
4946,steus
4947,fürs
4948,uszieh
4949,patriotischi
4950,bärner
4951,city
4952,irwie
4953,ustusch
4954,ustuschsemester
4955,paris
4956,fäng
4957,läbsch
4958,wg
4959,näbejob
4960,hät
4961,bock
4962,nöis
4963,fi
4964,jaaa
4965,abscheu
4966,grässlech
4967,zivi
4968,nützlechs
4969,vora
4970,usboue
4971,hiufschräft
4972,chliching
4973,autmönsche
4974,betreuig
4975,gäudverschwändig
4976,pure
4977,biudigseta
4978,kürzt
4979,miliarde
4980,türi
4981,jets
4982,aupe
4983,abstürze
4984,eigenützige
4985,siech
4986,schwöre
4987,raschte
4988,abwäge
4989,müglechst
4990,ufwand
4991,linggi
4992,bewegig
4993,wesentlech
4994,stercher
4995,gfüe
4996,way
4997,feministischi
4998,lingg
4999,flügu
5000,agressiver
5001,igschnappt
5002,fuggt
5003,DEBI
5004,NILS
5005,lingsextreme
5006,krei
5007,emanzipationssach
5008,schwuli
5009,toleranz
5010,defining
5011,ANNA
5012,MIKA
5013,ähh
5014,schwär
5015,intoleranz
5016,wachst
5017,enorm
5018,wachse
5019,rächtsextreme
5020,spannige
5021,extremer
5022,linggsextrem
5023,agressiv
5024,schüb
5025,jugendkrawall
5026,jugend
5027,politisch
5028,betrachte
5029,standpunkt
5030,schreckensort
5031,schwarz
5032,azündet
5033,oberland
5034,auti
5035,schrecke
5036,minere
5037,ohh
5038,drögeler
5039,krawall
5040,kabutt
5041,befasse
5042,ufs
5043,breite
5044,fäuder
5045,systemgägnerische
5046,kreise
5047,maga
5048,systemgägner
5049,krassi
5050,asichte
5051,obs
5052,kommunistischi
5053,anarchistischi
5054,antikapitalistischi
5055,schwecher
5056,partygänger
5057,gägner
5058,igsteut
5059,JANIS
5060,EVA
5061,JANNIS
5062,usrotte
5063,kommunistische
5064,system
5065,hotspots
5066,krasseri
5067,öffentlech
5068,anti
5069,lingge
5070,houptsächlech
5071,rächte
5072,trump
5073,supporter
5074,palästinenser
5075,dräcksaraber
5076,jude
5077,amis
5078,rutsch
5079,usgong
5080,hotspot
5081,trash
5082,erträgende
5083,kapitaliste
5084,ideologisch
5085,chreis
5086,überzügige
5087,kulturell
5088,dachstock
5089,rössli
5090,homies
5091,ums
5092,schl
5093,aspäkt
5094,trotzdäm
5095,drinn
5096,achzäh
5097,verkackte
5098,mojito
5099,luut
5100,hopsisch
5101,gspräch
5102,engagement
5103,progr
5104,euters
5105,publikum
5106,öffentlechi
5107,soziali
5108,pärkli
5109,schanze
5110,sunnti
5111,tschegge
5112,funkionierts
5113,funkts
5114,wahnsinns
5115,ufgfüert
5116,chammermusig
5117,lokal
5118,orchesterwärch
5119,synforchester
5120,biete
5121,tscheggts
5122,spiusch
5123,dinere
5124,dächu
5125,dj
5126,annenmaykanntereit
5127,wegen
5128,lisbeth
5129,februar
5130,wück
5131,ami
5132,hauestadion
5133,halle
5134,5
5135,ez
5136,gröste
5137,genre
5138,ungerdesse
5139,momentan
5140,hip
5141,hop
5142,houptsächleche
5143,dütsches
5144,kiz
5145,bärndütsches
5146,internationale
5147,törnt
5148,ahm
5149,facebook
5150,twitter
5151,sprüch
5152,houptmedium
5153,redit
5154,memes
5155,änd
5156,healthy
5157,wenigste
5158,zies
5159,kapple
5160,zuespame
5161,suff
5162,gnauer
5163,wichtigs
5164,nahlu
5165,abend
5166,ef
5167,präpositione
5168,gebildete
5169,hochstehende
5170,chummi
5171,asozialer
5172,männleche
5173,adressiere
5174,leben
5175,anglizisme
5176,apassti
5177,wüsset
5178,red
5179,ELA
5180,maximum
5181,asoziau
5182,ärnster
5183,herkunft
5184,thurgau
5185,schaffhausen
5186,penetrannts
5187,nenei
5188,unterschrift
5189,chumme
5190,ahhh
5191,gheit
5192,verkümmeret
5193,trumpete
5194,saxophon
5195,Herr
5196,angerem
5197,sire
5198,usbouts
5199,synfonieorchester
5200,fagott
5201,oboe
5202,mitgmacht
5203,öpe
5204,abwärts
5205,wiederhousch
5206,gmüetlecher
5207,tests
5208,zöite
5209,verdrängt
5210,schlafrhythmus
5211,apasse
5212,freizitaktivitäte
5213,kollidiere
5214,namittag
5215,öpisem
5216,fürd
5217,aubes
5218,dervor
5219,vorhande
5220,freizit
5221,baut
5222,höre
5223,verfouge
5224,schutet
5225,würkech
5226,effektiv
5227,treit
5228,klasseabhängig
5229,letzt
5230,üser
5231,ablege
5232,musigfescht
5233,jüngeri
5234,jää
5235,schwauwis
5236,sträberinne
5237,sibti
5238,ehemalige
5239,abgleit
5240,bhautet
5241,bitzli
5242,geischtige
5243,veränderig
5244,asoziali
5245,asoziale
5246,sine
5247,brave
5248,absolut
5249,verlouf
5250,abgschwecht
5251,füehle
5252,zueghörig
5253,nätte
5254,düe
5255,magic
5256,unbehoufe
5257,abgestzt
5258,LOU
5259,nig
5260,gfloge
5261,bache
5262,brownies
5263,störend
5264,probieres
5265,nätti
5266,mitläufer
5267,MORITZ
5268,LEON
5269,risse
5270,dünkts
5271,teilwis
5272,unsäglech
5273,franzlehrerin
5274,fra
5275,nein
5276,haben
5277,schon
5278,gestellt
5279,noch
5280,zweite
5281,beantworten
5282,masch
5283,sportlehrerin
5284,unser
5285,feld
5286,reserviert
5287,gehen
5288,hier
5289,richtg
5290,dürezoge
5291,gut
5292,ungloublech
5293,amacht
5294,leitig
5295,fragt
5296,überfordert
5297,göng
5298,versteits
5299,HECTOR
5300,sibteler
5301,plöi
5302,derlet
5303,miesi
5304,zmittag
5305,ap
5306,lektione
5307,doppulektione
5308,stadt
5309,doppulektion
5310,ornig
5311,wahnsinnigs
5312,erläbnis
5313,lektion
5314,gang
5315,housch
5316,interview
5317,widerhout
5318,gflüchtet
5319,mitleid
5320,zmingst
5321,einzuperson
5322,wäuelängi
5323,stärbens
5324,zuesätzlech
5325,aschluss
5326,bestehende
5327,schwirgig
5328,KARL
5329,neja
5330,stressts
5331,wäri
5332,regle
5333,maturreise
5334,aukohouverbot
5335,hange
5336,studänteläbe
5337,füere
5338,studäntepartys
5339,NINO
5340,ru
5341,ruhmfahrts
5342,aerohydro
5343,aerohydrodynamik
5344,maschinebou
5345,NINA
5346,witzlos
5347,bewärbige
5348,bruefserfahrig
5349,schuleiter
5350,musigschu
5351,oberämmitau
5352,prozänt
5353,pänsum
5354,ämmitau
5355,erreichbar
5356,ostschwiz
5357,usbiudet
5358,pädagogischi
5359,mam
5360,uftritte
5361,ires
5362,verdient
5363,länder
5364,europa
5365,brilliant
5366,talänt
5367,arbeitskonditione
5368,beschwäre
5369,dankbar
5370,wetsch
5371,gschleglet
5372,arbeitisch
5373,setzte
5374,seschs
5375,läbensinhaut
5376,grossartige
5377,formatione
5378,niveau
5379,warsch
5380,TILL
5381,MAX
5382,gschwunge
5383,angererersits
5384,bequem
5385,chlin
5386,grösseri
5387,stedt
5388,chaotisch
5389,lausanne
5390,stage
5391,agnähmer
5392,gäbi
5393,dütschschwiz
5394,wäusche
5395,sudium
5396,amigs
5397,münche
5398,wohnsch
5399,abgnablet
5400,befristet
5401,diräkt
5402,militärspiu
5403,schöntsch
5404,unnötige
5405,probe
5406,musikalischer
5407,äbeni
5408,mäche
5409,profimusiker
5410,diräktionsusbiudig
5411,militärusbiudig
5412,höch
5413,agse
5414,konkuränzkampf
5415,gäbige
5416,bechum
5417,gschänkt
5418,bruefsperspektive
5419,erzoge
5420,realiste
5421,technischi
5422,digitali
5423,entwicklig
5424,dri
5425,idruck
5426,grossartigi
5427,as
5428,wärfe
5429,irgendwelchne
5430,fakte
5431,schinfakte
5432,letztens
5433,LYDIA
5434,due
5435,checke
5436,bezwäcke
5437,hufe
5438,sobaud
5439,usse
5440,brass
5441,band
5442,rächti
5443,füfzäh
5444,uninteressiert
5445,extremismus
5446,tendiere
5447,schrecklechs
5448,usschritige
5449,rithaue
5450,bechume
5451,interessierter
5452,politischi
5453,viuem
5454,wahrschihnlech
5455,politisierig
5456,betribt
5457,wähle
5458,usnahm
5459,fürauem
5460,emantizipation
5461,kapitalismus
5462,sysr
5463,nang
5464,wöis
5465,ihrere
5466,blase
5467,kei
5468,politik
5469,verzichte
5470,verständnis
5471,bruches
5472,gemein
5473,duet
5474,subvent
5475,heissts
5476,abgabe
5477,zeozwöi
5478,stüre
5479,erhöche
5480,schadet
5481,outofahre
5482,nähme
5483,spezieui
5484,itritt
5485,triffsch
5486,club
5487,zau
5488,chönntisch
5489,obd
5490,gratis
5491,METZGER
5492,mail
5493,grossvatter
5494,casino
5495,profiorchester
5496,bechumi
5497,ilad
5498,wäbeaktione
5499,wärbigung
5500,blächmusig
5501,nachricht
5502,wöui
5503,suech
5504,teilnämer
5505,lucky
5506,chobs
5507,chlinere
5508,chops
5509,usverchouft
5510,chlinneri
5511,internationali
5512,pop
5513,abelangt
5514,bärndütschs
5515,winis
5516,mitüberchumme
5517,tourbo
5518,wenigi
5519,pinterest
5520,tätigkeit
5521,entzug
5522,umeschicke
5523,lise
5524,augemeins
5525,zitig
5526,lisi
5527,tagesschou
5528,push
5529,nachrichte
5530,düreläse
5531,bechummi
5532,foug
5533,schutkanäu
5534,usgfaue
5535,sekunda
5536,schwöster
5537,verseiti
5538,bro
5539,geburtsort
5540,heimatort
5541,negativity
5542,bsuechter
5543,rebelliere
5544,ostschwizer
5545,erschreckt
5546,welet
5547,fahni
5548,ufgwachse
5549,langnou
5550,trueb
5551,chonufinge
5552,bäckerei
5553,männerdomäne
5554,detailhandu
5555,lehrsteue
5556,witerbiudig
5557,glichi
5558,ufd
5559,begleitet
5560,integriert
5561,göh
5562,höcher
5563,aja
5564,vorurteil
5565,lastwagefahrerin
5566,ehner
5567,gägeteu
5568,ähnlechs
5569,ungerschidlechs
5570,LACHT
5571,buret
5572,übernäh
5573,siter
5574,chärtli
5575,auerweuts
5576,fuu
5577,wäret
5578,chö
5579,FC
5580,(DISFLUENCY)
5581,gunste
5582,rückmäudig
5583,dementsprechend
5584,absichtlech
5585,ge
5586,ziut
5587,lustigst
5588,ärnstist
5589,yvonnand
5590,VD
5591,8
5592,glohnt
5593,sandstrand
5594,coop
5595,vorem
5596,bahngleis
5597,abbiege
5598,gan-
5599,schueufach
5600,nachhinein
5601,verchouf
5602,marge
5603,rächne
5604,eigets
5605,gschäft
5606,würsch
5607,ufschlah
5608,lade
5609,lastwage
5610,erinneret
5611,positiv
5612,negativ
5613,oustralie
5614,erinnerisch
5615,dahei
5616,mitbringsch
5617,fahrte
5618,kanada
5619,vancouver
5620,wha
5621,brüchet
5622,telefoniere
5623,skype
5624,face
5625,apple
5626,facetime
5627,videotele
5628,foniere
5629,gue
5630,kreativsti
5631,entschuudigung
5632,vergässe
5633,usred
5634,öppedie
5635,igschliche
5636,termine
5637,dän
5638,dänket
5639,pin
5640,pinlech
5641,unagnähm
5642,zrüggdänket
5643,ade
5644,düet
5645,lösle
5646,abwächsle
5647,uslüfte
5648,merkes
5649,nimerem
5650,füuhsch
5651,zwüschdüre
5652,trinki
5653,aspä
5654,zitgfüeu
5655,pünktlechkeit
5656,geduud
5657,spiuts
5658,müesstet
5659,isteue
5660,mersch
5661,merksch
5662,autersungerschid
5663,regulär
5664,benäh
5665,schs
5666,arbeitsweut
5667,klimajugend
5668,närne
5669,phänomen
5670,dasss
5671,ischränke
5672,konsum
5673,lösche
5674,gäbt
5675,schwierigkeite
5676,brueflech
5677,vorussetzig
5678,usgläse
5679,jobsicherheit
5680,spruch
5681,ufgsteut
5682,wurmt
5683,lohndifferänze
5684,massiv
5685,arbeitserfahrig
5686,istigslohn
5687,lohn
5688,abgschlossne
5689,stu
5690,studänte
5691,gi
5692,bäckereie
5693,relative
5694,lehrlingslohn
5695,bsetze
5696,choste
5697,zähte
5698,bruefschueu
5699,bruefsjahr
5700,detailhandusfachfrou
5701,lehrsteu
5702,iigetlich
5703,schnuppere
5704,fahsch
5705,iigentlich
5706,sibete
5707,füfti
5708,sächsti
5709,hii
5710,usegä
5711,iigentlech
5712,.)
5713,gsiit
5714,füfzähni
5715,wiisi
5716,skills
5717,darum
5718,schwizermeisterschafte
5719,ahänksch
5720,betrib
5721,bärnlastig
5722,düechts
5723,glichligs
5724,chiubi
5725,giisch
5726,ländler
5727,abgschribe
5728,veiechli
5729,verhautisch
5730,wied
5731,siisch
5732,chömsch
5733,fründschaftskreise
5734,giit
5735,dahäre
5736,nidmau
5737,ÖV
5738,wiiss
5739,mid
5740,f
5741,mids
5742,härezcho
5743,bou
5744,schaffisch
5745,hiissts
5746,räf
5747,rüedu
5748,gluub
5749,hätts
5750,wine
5751,abschätzig
5752,erstunt
5753,passe
5754,zwillingsschwost
5755,KV
5756,gmeind
5757,BM
5758,langethau
5759,nar
5760,applikationsentwicklere
5761,vierjährigi
5762,zwöne
5763,gärtner
5764,landschaftsgärtner
5765,miechi
5766,hiisst
5767,gläge
5768,überustalent
5769,juniorezite
5770,förderkader
5771,früsch
5772,gsundheitlech
5773,iiglech
5774,direkt
5775,briiche
5776,zwüschiche
5777,gstürm
5778,krach
5779,iigetlech
5780,ärnsti
5781,zäutli
5782,ghiise
5783,abschlussprüefig
5784,hurti
5785,wösche
5786,schueuordner
5787,giits
5788,familieferie
5789,näbedrann
5790,dahiim
5791,bewege
5792,wid
5793,franz
5794,algebra
5795,settige
5796,detailhanduskenntnis
5797,prozänträchne
5798,settigs
5799,usb
5800,bruefsprüefig
5801,wirtschaft
5802,septämber
5803,usgwanderet
5804,bougschäft
5805,rästlechi
5806,umegreist
5807,nechi
5808,toronto
5809,meisch
5810,empfang
5811,übers
5812,dämlech
5813,"ä'ä"
5814,iifech
5815,chat
5816,mäng
5817,sowiso
5818,nüechtern
5819,doofi
5820,sächeli
5821,u:h
5822,wüud
5823,unüberliits
5824,fahrit
5825,chüü
5826,chömi
5827,iige
5828,abzlah
5829,luufi
5830,irgendöp
5831,hoger
5832,heisteut
5833,miine
5834,ligt
5835,heirite
5836,fahrsch
5837,cher
5838,maschsch
5839,dernah
5840,nächsts
5841,derzuechunnt
5842,iinglech
5843,alliini
5844,vorcho
5845,dassd
5846,gnosse
5847,locker
5848,wichtigste
5849,usegspüre
5850,lidescha
5851,lideschaft
5852,usegspürsch
5853,spätestens
5854,lehrabschlussprüefig
5855,weut
5856,sövu
5857,azfah
5858,derewä
5859,siner
5860,ufcho
5861,gägenang
5862,läbensstiu
5863,hype
5864,ufgiit
5865,wandu
5866,nöiste
5867,afahsch
5868,iifach
5869,chindheit
5870,useluuft
5871,erziehig
5872,löh
5873,lehris
5874,handwärklech
5875,irgendiinisch
5876,überliit
5877,überliisch
5878,ghiisse
5879,vermehrt
5880,ansta
5881,gstudiert
5882,witersch
5883,derwider
5884,höcklet
5885,versch
5886,bürozite
5887,drüfach
5888,körperlech
5889,abrackt
5890,schaffet
5891,überchömi
5892,nachteile
5893,lastwagechauffeuse
5894,spezieu
5895,letst
5896,lernende
5897,iich
5898,zwöits
5899,landi
5900,nächhere
5901,fachfrou
5902,betröig
5903,eigentle
5904,zweni
5905,rum
5906,manneproblem
5907,prüefigsstress
5908,bruchi
5909,gstosse
5910,tiiu
5911,schnupperwuchine
5912,schnuppertäg
5913,lehrbetrib
5914,produktion
5915,logistik
5916,kommissonierig
5917,verlad
5918,wärchstatt
5919,disposition
5920,mitga
5921,bruefsusbiudner
5922,theorie
5923,ersts
5924,fäu
5925,barstreet
5926,wichtrach
5927,klub
5928,mässig
5929,höchers
5930,settig
5931,iinisch
5932,chiem
5933,moonliner
5934,thun
5935,chere
5936,shuttle
5937,bus
5938,kaff
5939,getroue
5940,stuune
5941,negativs
5942,uuge
5943,erstuunt
5944,zuetrout
5945,tierpflegerin
5946,äutist
5947,sanitärmonteur
5948,muure
5949,räst
5950,burehof
5951,ischi
5952,nanny
5953,usega
5954,sunntig
5955,ifaut
5956,bebes
5957,beruhige
5958,zuenihm
5959,beruhigt
5960,schutte
5961,truebschache
5962,mannschaft
5963,gründet
5964,manne
5965,sumi
5966,beachparty
5967,volleybauspiu
5968,iine
5969,vorherig
5970,näbe
5971,daheim
5972,ladig
5973,berächne
5974,ÜK
5975,bege
5976,spannset
5977,zurrgürt
5978,sichere
5979,wirdi
5980,tasmanie
5981,istig
5982,gastfamilie
5983,breicht
5984,vorsch
5985,vorgsteut
5986,beschrib
5987,organisation
5988,wouh
5989,gmuche
5990,stunge
5991,mäuche
5992,jöbli
5993,pair
5994,useputze
5995,völligst
5996,düecht
5997,gärtnere
5998,pflanze
5999,usschrisse
6000,quad
6001,chüe
6002,weid
6003,zuhne
6004,säubständig
6005,öh
6006,überetue
6007,zuetue
6008,verzögeret
6009,aruef
6010,button
6011,lutsprächer
6012,katastrophe
6013,stou
6014,handlet
6015,schribsch
6016,iinte
6017,momänte
6018,hiis
6019,chöö
6020,hiirite
6021,luufe
6022,zügig
6023,obeache
6024,danz
6025,sälü
6026,umbedingt
6027,wichtigi
6028,bruefswau
6029,antwort
6030,grössere
6031,abmachsch
6032,ufgfaue
6033,umgangswis
6034,wortwau
6035,merki
6036,fürenäme
6037,zueverlässlechkeit
6038,merkis
6039,mitstifti
6040,dritti
6041,rege
6042,wärche
6043,füdle
6044,siit
6045,firabe
6046,ändlech
6047,sportungerricht
6048,hoffes
6049,spätistens
6050,müehi
6051,chaste
6052,natel
6053,PC
6054,fremdne
6055,afig
6056,sos
6057,budget
6058,iphone
6059,wärch
6060,desumehocke
6061,abwächslig
6062,gsch
6063,Ort:
6064,"Emmental,"
6065,BE
6066,"Langnau,"
6067,"Trub,"
6068,"Konolfingen,"
6069,iich:
6070,"'eigentlich'"
6071,lautes
6072,Hintergrundgeräusch
6073,"Wichtrach,"
6074,"Bern,"
6075,"Oberlangenegg,"
6076,ischi:
6077,KV:
6078,Kaufmännische
6079,Lehre
6080,BM:
6081,Berufsmatura
6082,"Langenthal,"
6083,Berufsmaturität;
6084,nar:
6085,Hintegrundgeräusch
6086,chö:
6087,Wortabbruch
6088,"'chöit'"
6089,Name:
6090,Langnau
6091,Trubschachen
6092,Sumi
6093,"'Sumiswald,"
6094,"BE'"
6095,Negationspartikel
6096,"Yvonnand,"
6097,NE
6098,ma:
6099,(Campingplatz)
6100,la:
6101,wii:
6102,"'wiiss'"
6103,meiste:
6104,"'meistens'"
6105,i:
6106,ÜK:
6107,Übungskurs
6108,bege:
6109,Versprecher
6110,s:
6111,"'säuber';"
6112,m:
6113,"Toronto,"
6114,CAN
6115,"Vancouver,"
6116,wha:
6117,"'whatsapp'"
6118,mäng:
6119,"'mängisch'"
6120,ä:
6121,dän:
6122,"'dänke'"
6123,pin:
6124,"'pinlech'"
6125,"'aube'"
6126,iige:
6127,"'iigentlech'"
6128,fa:
6129,"'fahre'"
6130,irgendöp:
6131,"'irgendöpper'"
6132,gäh
6133,aspä:
6134,"'aspäkt'"
6135,Kellnerin:
6136,fride
6137,"'chönnt'"
6138,GP2
6139,grüsst
6140,Gast
6141,Wortabbruch:
6142,ha:
6143,"'handy'"
6144,ansta:
6145,gäu:
6146,"'gäud'"
6147,versch:
6148,"'verstah'"
