form_id	form
1	unverständlich)
2	hmm
3	jungschi
4	brunch
5	i
6	ha
7	so
8	e
9	hunne
10	lachfläsh
11	gha
12	u
13	de
14	het
15	tönt
16	wie
17	ne
18	verreckendi
19	seerobbe
20	när
21	.)
22	di
23	chlini
24	ganz
25	zit
26	sie
27	nomau
28	müesse
29	afa
30	lache
31	das
32	isch
33	öppe
34	zwöi
35	minute
36	gange
37	mhm
38	ehm
39	einisch
40	im
41	monet
42	okay
43	guet
44	wär
45	viu
46	aber
47	mir
48	hei
49	semester
50	numme
51	oder
52	tüe
53	zmörgele
54	brunche
55	mit
56	späck
57	eier
58	wichtig
59	dr
60	speck
61	henne
62	höche
63	bi
64	üs
65	ja
66	richtig
67	gruusig
68	we
69	d
70	muesch
71	brate
72	wüu
73	es
74	fett
75	wo
76	use
77	chunnt
78	heimer
79	ufruume
80	after
81	time
82	meistens
83	öpper
84	vorbereitet
85	irgendwie
86	XXX
87	itz
88	läsä
89	mer
90	nes
91	buech
92	vertöife
93	rächt
94	kompliziert
95	eis
96	mau
97	bini
98	vou
99	nid
100	drus
101	cho
102	mou
103	has
104	verstange
105	weisch
106	was
107	gits
108	aues
109	evangeliste
110	prophete
111	vo
112	hirte
113	schregstrich
114	lehrer
115	no
116	öppis
117	dritts
118	haut
119	chli
120	gluegt
121	mache
122	die
123	für
124	ufgabe
125	gsi
126	uhu
127	hää
128	äbä
129	erst
130	däm
131	woni
132	drbi
133	vorher
134	micros
135	speziautag
136	unverständich)
137	si
138	asträngend
139	chöi
140	nei
141	teiuwis
142	ize
143	gd
144	wuuche
145	hani
146	nerv
147	angeri
148	wuuchene
149	o
150	scho
151	weiss
152	wieso
153	normau
154	oh
155	ching
156	eifach
157	är
158	trotzphase
159	streikt
160	total
161	ga
162	bisle
163	nassi
164	hose
165	nöii
166	alege
167	sicher
168	zä
169	ufem
170	chaute
171	bode
172	ghocket
173	sich
174	wöue
175	leg
176	ungerhose
177	a
178	m
179	tth
180	fingi
181	eh
182	hasse
183	chopfhörer
184	an
185	dès
186	immer
187	usegö
188	zäme
189	aui
190	gsehsch
191	se
192	grüppli
193	ds
194	THUN
195	am
196	bahnhof
197	jede
198	ei
199	airpod
200	dinne
201	dänksch
202	kasperlitheäterli
203	fühle
204	krassischte
205	zwöufi
206	simer
207	bäbelet
208	wart
209	da
210	ir
211	sächste
212	imu
213	...)
214	weissi
215	bach
216	spaziere
217	picknick
218	ässe
219	chleider
220	rägehose
221	aus
222	rägejacke
223	agleit
224	ufghänkt
225	bir
226	chrüzig
227	einfach
228	nüm
229	usecho
230	hüt
231	zu
232	tags
233	meh
234	meine
235	kita
236	äs
237	umgheit
238	ufstah
239	ihri
240	häng
241	wei
242	tue
243	wüue
244	dräckig
245	gseht
246	fau
247	luschtig
248	us
249	hiufi
250	imfau
251	dä
252	uf
253	hä
254	zwar
255	hesch
256	du
257	nie
258	sand
259	gspiut
260	auso
261	burg
262	bout
263	womer
264	heisst
265	pastor
266	stimmt
267	genau
268	dörfe
269	sandburge
270	beurteile
271	CARAMBAR
272	derfür
273	becho
274	verlore
275	denn
276	heis
277	vergä
278	üsi
279	cool
280	angere
281	förmli
282	ig
283	äbe
284	süsch
285	idee
286	bade
287	gar
288	doch
289	abe
290	gheisse
291	ischs
292	duss
293	cheuter
294	meer
295	zur
296	duschi
297	hets
298	häre
299	ah
300	duusche
301	mr
302	zrügg
303	häregleit
304	nüt
305	bracht
306	gloub
307	s'isch
308	nachem
309	zähni
310	..)
311	jahr
312	chrank
313	hehe
314	mehrmaus
315	ni
316	fit
317	würk
318	mage
319	darm
320	uhem
321	mi
322	fründ
323	me
324	jung
325	villech
326	gschider
327	em
328	bändeli
329	tuusche
330	wed
331	all
332	inclusive
333	einte
334	zaut
335	art
336	chasch
337	enang
338	usgä
339	verstahnis
340	dass
341	wosch
342	häufe
343	lizisch
344	hotel
345	kultur
346	sowieso
347	guets
348	agebot
349	macht
350	übere
351	huufe
352	vor
353	auem
354	gfaketi
355	überau
356	sis
357	gmerkt
358	chönnte
359	ihm
360	gä
361	verstahs
362	äuä
363	heftig
364	dach
365	agsteute
366	....)
367	komisch
368	chef
369	gseit
370	verstah
371	nis
372	VOLG
373	kontrolliere
374	niso
375	gchouft
376	ahh
377	zwölf
378	jährige
379	klar
380	dörfte
381	sies
382	verchoufe
383	kirschstängeli
384	wer
385	besuuft
386	aube
387	mim
388	vater
389	fein
390	gfunge
391	baileys
392	gno
393	schlückli
394	porbiere
395	chrazet
396	wii
397	wää
398	bier
399	gärn
400	trinkes
401	je
402	nachdem
403	CHOPFAB
404	ender
405	[irgend
406	buh
407	eh]
408	geburi
409	hönne
410	gstört
411	speter
412	erste
413	überhoupt
414	bsoffe
415	wäres
416	drücke
417	id
418	finger
419	zie
420	zersch
421	schue
422	ab
423	SOMMERSBY
424	mega
425	finge
426	strängi
427	istellig
428	diskutiert
429	zue
430	hallo
431	bso
432	besoffe
433	gö
434	suufe
435	verstahni
436	geisch
437	losisch
438	zü
439	musig
440	dine
441	airpods
442	bisch
443	snapchat
444	ungerwägs
445	snappisch
446	snaps
447	obwohl
448	chöntsch
449	rede
450	blödele
451	tschüss
452	angers
453	dir
454	heit
455	nech
456	troffe
457	zum
458	sondern
459	z
460	fiire
461	und
462	chum
463	biite
464	sinn
465	säge
466	dicht
467	wuuchenänd
468	längwilig
469	niemer
470	wider
471	trinke
472	exit
473	probiert
474	spile
475	spili
476	meusch
477	schwirig
478	mittlere
479	extremere
480	dehei
481	müesses
482	muess
483	mä
484	namitag
485	chönt
486	dudes
487	chligruppe
488	konzentriert
489	unverständllich)
490	headis
491	würd
492	is
493	griff
494	dassi
495	hätt
496	müesste
497	wirsch
498	abgfüut
499	abfüue
500	chaschs
501	wasser
502	insta
503	gläse
504	spass
505	gnue
506	trunke
507	anger
508	usegheit
509	rouhockeyler
510	sogar
511	uttige
512	zuefällig
513	nimmi
514	lug
515	nachbarschft
516	scheisse
517	summer
518	hauetraining
519	aha
520	musikalisch
521	sportlech
522	alphorn
523	horn
524	unihockey
525	einzigi
526	krass
527	räscht
528	usegfulet
529	sportler
530	künstlerklasse
531	normali
532	gymerklasse
533	.....)
534	woah
535	hm
536	ghöri
537	drzue
538	momänt
539	auber
540	lang
541	bänder
542	lengere
543	usfau
544	cha
545	dür
546	usm
547	sportgymer
548	usegheie
549	.......)
550	wow
551	inland
552	umgäbig
553	bern
554	fändi
555	chaut
556	biwakne
557	BLUEME
558	fasch
559	möge
560	ufe
561	loufe
562	dänkt
563	zää
564	heiligeschwändi
565	rehaklinik
566	gwüsst
567	haub
568	stung
569	lenger
570	iih
571	rucksack
572	schwerer
573	jakobsweg
574	kilo
575	euf
576	drüü
577	liter
578	pfännli
579	wäg
580	nächste
581	morge
582	liechter
583	gschickt
584	packet
585	inegstopft
586	trage
587	machts
588	super
589	hiufsbereit
590	meischte
591	........)
592	smartcamp
593	dert
594	nacht
595	ungerkunft
596	müessä
597	[suechä]
598	hammer
599	huh
600	ugh
601	verbringe
602	ohni
603	schwoscht
604	mh
605	ächt
606	gspannt
607	bös
608	gmeint
609	gseh
610	leitigsperson
611	seit
612	sehr
613	hingerfragt
614	überlege
615	chömet
616	weisi
617	hingerfrage
618	söfu
619	läbes
620	dänker
621	macher(..)
622	sache
623	bim
624	gloube
625	houptsach
626	wot
627	orte
628	fänd
629	HAWAII
630	fiume
631	wunderschön
632	dört
633	schei
634	takiitos
635	takentos
636	schön
637	schöni
638	insle
639	zimlech
640	ribi
641	ömu
642	HOHTÜRLI
643	kientalersiite
644	alpe
645	umgekehrte
646	tempo
647	umgekehrti
648	reihefolg
649	änne
650	aso
651	LOCHMÄNNER
652	äne
653	OESCHINE
654	OESCHINESEE
655	blaus
656	hey
657	gstange
658	achegluegt
659	söu
660	beschribe
661	passiert
662	ernst
663	jetzt
664	dünkt
665	ZAKYNTHOS
666	berührt
667	touristisch
668	afang
669	dobe
670	lüt
671	[achä
672	gsehsch]
673	desto
674	witer
675	ache
676	turnschuhe
677	touriste
678	geit
679	sit
680	misstritt
681	gfährdet
682	ufegloffe
683	git
684	itzä
685	dings
686	shuttletaxi
687	taustation
688	see
689	füre
690	eine
691	bärge
692	bruchsch
693	au
694	touris
695	gröselis
696	hingere
697	chöme
698	ufene
699	ume
700	chunnsch
701	rund
702	bergstation
703	vorauem
704	berge
705	natur
706	hashtag
707	naturelife
708	dene
709	schueh
710	naturmönsch
711	richtige
712	naturmönsche
713	go
714	for
715	GRETA
716	uh
717	loufsch
718	wenn
719	eifacher
720	nimmsch
721	wanderwäg
722	würklech
723	chline
724	wägli
725	unger
726	ändi
727	nünti
728	klass
729	wandere
730	ihrer
731	familie
732	ihre
733	brüetsch
734	cousine
735	ihrä
736	kennt
737	zwöit
738	egau
739	geng
740	emu
741	ufeloufe
742	gmüetlech
743	kennes
744	mers
745	gwannet
746	wanderschueh
747	agha
748	usgrüstet
749	losgloffe
750	schnäu
751	mini
752	hüft
753	tuet
754	weh
755	mis
756	chnöi
757	tape
758	paar
759	blibe
760	stah
761	louf
762	düre
763	jedes
764	ahautisch
765	aloufe
766	wius
767	kraft
768	chostet
769	zieh
770	füüf
771	pouse
772	machsch
773	atrengender
774	zmittagspouse
775	gäbiger
776	gspüre
777	gloubt
778	verbi
779	gloffe
780	tja
781	s'muess
782	säuber
783	merke
784	ewigs
785	bruucht
786	wott
787	schlächt
788	ke
789	ahnig
790	schäacht
791	mah
792	geits
793	dim
794	fuess
795	dunger
796	zug
797	gwartet
798	ihres
799	mami
800	wenier
801	happig
802	erinnerig
803	teu
804	maches
805	weniger
806	fing
807	wenigstens
808	bähnli
809	ok
810	......)
811	irgend
812	letschti
813	chönnti
814	allei
815	füess
816	tag
817	hie
818	bis
819	TAFERS
820	LAUSANNE
821	räschtleche
822	vier
823	easy
824	verschneit
825	obe
826	RÜEGGISBERG
827	SEFTIGE
828	drüber
829	daheime
830	vorwärts
831	zwungnegi
832	glich
833	erfrore
834	während
835	dasch
836	füfezwänzigi
837	spontan
838	ungerwegs
839	SPANIE
840	SANTIAGO
841	DE
842	COMPOSTELA
843	ziu
844	vili
845	EUROPA
846	s'git
847	er
848	weg
849	wegnetz
850	chönne
851	ustuusche
852	zwöite
853	hert
854	gägä
855	schluss
856	ta
857	glänk
858	ilageshole
859	chiller
860	surre
861	nach
862	wüu's
863	natürlech
864	gross
865	jammeri
866	nä
867	chöimer
868	bitte
869	wüeschtischte
870	ufgä
871	frag
872	hätti
873	[nie]
874	igestah
875	würdsch
876	härä
877	kenne
878	möchti
879	fröid
880	täg
881	weni
882	überleit
883	fänds
884	cooler
885	flugi
886	vom
887	ort
888	flüge
889	über
890	RUSSLAND
891	ASIE
892	müglechkeite
893	outo
894	vermide
895	ines
896	land
897	beschte
898	englisch
899	schaffe
900	irgenwie
901	baarkeepere
902	mitzt
903	inne
904	erläbsch
905	.........)
906	luegsch
907	irgendwiä
908	beach
909	resort
910	iiheimische
911	offe
912	erläbe
913	itze
914	reise
915	IRLAND
916	mönet
917	greist
918	büürin
919	glehrt
920	SCHWEIZ
921	irendwie
922	ene
923	farm
924	kontakt
925	mitbecho
926	jap
927	frage
928	wenni
929	haube
930	siite
931	odr
932	mueter
933	schwoschte
934	einti
935	wäre
936	cousins
937	zwüscheziit
938	ahang
939	nur
940	häufti
941	wiehnachte
942	gfiiret
943	dere
944	grosi
945	alass
946	get
947	ready
948	höhö
949	heter
950	komischi
951	haar
952	za
953	afro
954	afrikanischs
955	schwizer
956	locke
957	usgseh
958	hoi
959	mai
960	afangs
961	märz
962	wemes
963	hundert
964	äch
965	wieder
966	day
967	hi
968	. )
969	gfahre
970	irgendöpperem
971	louft
972	ämu
973	vortragszüg
974	umeghocket
975	motivation
976	burgdorfer
977	heits
978	steit
979	druf
980	abzie
981	letscht
982	wärde
983	euter
984	aut
985	baud
986	sibzähni
987	eigentlech
988	gfüue
989	sig
990	wet
991	sibe
992	sächzähni
993	üses
994	team
995	aluegsch
996	äutischt
997	wird
998	füfezwänzgi
999	zwöiezwänzgi
1000	einezwänzgi
1001	junge
1002	hüratet
1003	ersch
1004	hürate
1005	imne
1006	atrag
1007	gas
1008	nächscht
1009	herbst
1010	gliichziitig
1011	erfahre
1012	räschte
1013	verlobt
1014	location
1015	rot
1016	süess
1017	süesse
1018	sirup
1019	fium
1020	luege
1021	glace
1022	luscht
1023	chips
1024	öich
1025	labberä
1026	müesst
1027	ufschribe
1028	berndütsch
1029	gredt
1030	hochdütsch
1031	gmacht
1032	hätte
1033	hättisch
1034	play
1035	hättses
1036	ufgschribe
1037	eutereabe
1038	ganze
1039	zite
1040	höhöhö
1041	dütschi
1042	verstöh
1043	schwiizerdütsch
1044	wod
1045	müeh
1046	mitm
1047	diskussionsrundine
1048	tische
1049	eint
1050	tisch
1051	umegluegt
1052	eus
1053	teuwis
1054	extrem
1055	lose
1056	CHASPERLI
1057	hin
1058	PAW
1059	PATROL
1060	FEUERWEHRMANN
1061	SAM(.)
1062	kassette
1063	wir
1064	spielen
1065	drei
1066	hund
1067	zahle
1068	sechzighundert
1069	werden
1070	züg
1071	gnau
1072	härzig
1073	wünscht
1074	gschwüsterti
1075	code
1076	gott
1077	g
1078	t
1079	s
1080	bibu
1081	gschmückt
1082	p
1083	figürli
1084	gester
1085	zwö
1086	langsam
1087	näme
1088	SKYE
1089	ROCKY
1090	wobble
1091	ghöre
1092	verezeue
1093	hüete
1094	wunschliste
1095	handy
1096	füehre
1097	möcht
1098	uuh
1099	wünschisch
1100	eilech
1101	uhh
1102	schänke
1103	liebi
1104	wünsche
1105	lockestab
1106	vortag
1107	gwäsche
1108	gsehts
1109	wes
1110	ghüsteret
1111	usgseht
1112	verstrublet
1113	wä
1114	finges
1115	gfauts
1116	hase
1117	typische
1118	rossschwanz
1119	gle-
1120	uftue
1121	drum
1122	wickle
1123	glette
1124	läbe
1125	glettet
1126	stress
1127	beidi
1128	gwitzlet
1129	steisch
1130	viertu
1131	ufgtange
1132	haubi
1133	eim
1134	längt
1135	söue
1136	billet
1137	löse
1138	chumi
1139	fahrt
1140	mine
1141	luegä
1142	velo
1143	bschlosse
1144	wäggsecklet
1145	veloständer
1146	ungädüre
1147	füfedriisg
1148	nünedriisg
1149	ganzi
1150	igfahre
1151	seckle
1152	gumpe
1153	dänke
1154	grüeni
1155	ringli
1156	türe
1157	grüene
1158	nümme
1159	liebe
1160	lockfüehrer
1161	nächher
1162	hetter
1163	fahre
1164	dire
1165	nase
1166	leid
1167	immerhin
1168	verpasst
1169	sächsedrissg
1170	abgmacht
1171	wi
1172	sisch
1173	blöd
1174	schlimm
1175	ultra
1176	läng
1177	mittag
1178	isst
1179	hinger
1180	dra
1181	ob
1182	pfiife
1183	lehrt
1184	lachen
1185	lacht
1186	robbe
1187	fängt
1188	holt
1189	luft
1190	ausruf
1191	furt
1192	hustet
1193	kichert
1194	beim
1195	reden
1196	pfeifen
1197	ohne
1198	ton
1199	geräusch
1200	täuscht
1201	husten
1202	klicht
1203	zunge
1204	räusper
1205	stöhnt
1206	flüstert
1207	tüet
1208	planä
1209	mmm
1210	gloubi
1211	ofe
1212	imitiert ein geräusch)
1213	ii
1214	zämä
1215	besprechä
1216	unverständliche geräusche)
1217	loufts
1218	asträngendi
1219	schueu
1220	gymeler
1221	mängisch
1222	eini
1223	nöi
1224	paraklass
1225	stöh
1226	merci
1227	kopfhörer
1228	ane
1229	grosse
1230	redet
1231	erkläre
1232	ey
1233	lost
1234	gäu
1235	zwöifige
1236	loset
1237	spongebob
1238	game
1239	dräck
1240	gummistifle
1241	schlöfle
1242	böimli
1243	liechtig
1244	schleuse
1245	chliine
1246	schlamm
1247	inegange
1248	versunke
1249	GRIECHELAND
1250	ide
1251	ferie
1252	strand
1253	militär
1254	zwölfjährige
1255	ligistuhl
1256	dürechrüüche
1257	irgendiwe
1258	fingerspitze
1259	zäihe
1260	ine
1261	ablige
1262	sandburg
1263	boue
1264	fiis
1265	kreativ
1266	wem
1267	wäm
1268	ghei
1269	sse
1270	[so]
1271	gloubs
1272	nami
1273	chötzle
1274	eutere
1275	chärri
1276	gstohle
1277	gottesdienst
1278	chärre
1279	worde
1280	entsetzt
1281	wies
1282	wüsse
1283	seich
1284	inkusiv
1285	drinks
1286	hole
1287	zeige
1288	sone
1289	vierzä
1290	jünger
1291	motze
1292	alkohol
1293	bechunnt
1294	nächschte
1295	sträng
1296	kontrolliert
1297	drink
1298	pro
1299	person
1300	plötzlech
1301	heisi
1302	zämegschisse
1303	heicho
1304	mama
1305	guete
1306	geburtstag
1307	ehh
1308	ufknacke
1309	verzeut
1310	grosspapi
1311	papi
1312	ufknackt
1313	schnaps
1314	usetrunke
1315	ihne
1316	sötigi
1317	achegüttere
1318	ids
1319	koma
1320	darf
1321	probiere
1322	ä
1323	bitter
1324	BURGDORFER
1325	BÄRNER
1326	MÜNTSCHI
1327	scho(.)
1328	EVE
1329	drgäge
1330	schad
1331	feins
1332	getränk
1333	bispiu
1334	cooli
1335	extra
1336	pool
1337	cools
1338	huus
1339	übertribe
1340	beerpong
1341	adventure
1342	room
1343	träffe
1344	grad
1345	unlogisch
1346	ach
1347	apero
1348	handbauer
1349	besseri
1350	aune
1351	ifluss
1352	iiskunstläufere
1353	yup
1354	hand
1355	schüteler
1356	nh
1357	wimmis
1358	uttiger
1359	kunstturnerinne
1360	chrüzband
1361	grisse
1362	snowboardcross
1363	gletscher
1364	usland
1365	pumptrick
1366	roubrätt
1367	musiker
1368	klavier
1369	klassisch
1370	jazz
1371	hmh
1372	hornspilere
1373	gringlet
1374	instrument
1375	judo
1376	karate
1377	künstler
1378	füfzä
1379	vierezwänzg
1380	drzuecho
1381	jahrgang
1382	drüäzwänzg
1383	dèsch
1384	ruedere
1385	nöie
1386	bräit
1387	liechtatlet
1388	schwümmerin
1389	klav
1390	pianistin
1391	verteilt
1392	närä
1393	künschtler
1394	turmspringer
1395	unfau
1396	chopf
1397	brett
1398	agschlage
1399	hirnflüssigkeit
1400	litzt
1401	unvertändlich)
1402	harmlos
1403	vergliichsch
1404	verletzige
1405	blibsch
1406	dini
1407	darfsch
1408	seisch
1409	sport
1410	bringts
1411	spart
1412	lieber
1413	schwärpunktfach
1414	lehrling
1415	hex
1416	irgendwo
1417	spanisch
1418	musik
1419	DEUTSCHLAND
1420	chor
1421	opere
1422	bg
1423	aluege
1424	schueuhuus
1425	uftreg
1426	lehrerin
1427	derte
1428	vorschleg
1429	tagesworkshops
1430	biuspiu
1431	settnige
1432	vortrag
1433	rollstuheu
1434	umgö
1435	öpperem
1436	bire
1437	suppechüchi
1438	ono
1439	survivaltäg
1440	heise
1441	GRAUBÜNDE
1442	gibsch
1443	elektronische
1444	gisch
1445	topf
1446	vergrabe
1447	tuesch
1448	mätteli
1449	schlafsack
1450	überläbe
1451	chrütlireis
1452	barfuess
1453	stärnehimmu
1454	kes
1455	gwicht
1456	höchstens
1457	verteilig
1458	würde
1459	ussetze
1460	bechöme
1461	charte
1462	kompass
1463	drisg
1464	franke
1465	inere
1466	ziitspanni
1467	standort
1468	buure
1469	übernachte
1470	gäud
1471	leiter
1472	fröie
1473	leite
1474	joa
1475	[haut
1476	so]
1477	wos
1478	schächt
1479	züüg
1480	kritisch
1481	hingerfragsch
1482	überleisch
1483	fescht
1484	gfüeu
1485	troumdestination
1486	mmh
1487	sorry
1488	verzeu
1489	nääh
1490	gfüheu
1491	gehsch
1492	biuder
1493	influencer
1494	schöne
1495	fotospot
1496	stund
1497	astah
1498	foto
1499	tri
1500	ki
1501	trikimi
1502	k
1503	katakomb
1504	ire
1505	höhli
1506	blauem
1507	bundalp
1508	blausee
1509	ih
1510	gs
1511	wonr
1512	zuegfrore
1513	winter
1514	minus
1515	wintersschuh
1516	winterjacke
1517	skihose
1518	ihrne
1519	lackschüeli
1520	dänki
1521	gmüetleche
1522	spaziergang
1523	meinsch
1524	INSTAGRAM
1525	gondeli
1526	hiking
1527	beautiful
1528	nature
1529	really
1530	wirds
1531	astrengender
1532	föteli
1533	erschti
1534	schnäuschte
1535	vorus
1536	secklet
1537	tschuu
1538	vorne
1539	kollege
1540	FRIBOURGISCHE
1541	amne
1542	ehrgiz
1543	ku
1544	mire
1545	kollegin
1546	grossi
1547	ghüratet
1548	tochter
1549	ihrem
1550	ma
1551	wäutreis
1552	sächs
1553	reist
1554	wäutgschicht
1555	erschts
1556	DUBAI
1557	MALEDIVE
1558	BANGKOK
1559	öb
1560	einzelne
1561	etape
1562	ruum
1563	AUSTRALIE
1564	haubs
1565	würdi
1566	bueche
1567	häreflug
1568	motel
1569	luegi
1570	gani
1571	lehri
1572	lehrsch
1573	spannend
1574	family
1575	diner
1576	cousin
1577	teil
1578	kennsch
1579	würkl
1580	lech
1581	eeh
1582	bischs
1583	spät
1584	hello
1585	brüue
1586	kaputt
1587	dumm
1588	abzoge
1589	hasä
1590	gleit
1591	jacke
1592	gschosse
1593	sä
1594	ghockt
1595	bügu
1596	mes
1597	zwänzgi
1598	steu
1599	hüratä
1600	schüttle
1601	wiiser
1602	unge
1603	botz
1604	müehsam
1605	uswärte
1606	usländer
1607	settigi
1608	franzos
1609	glück
1610	ich
1611	mag
1612	kein
1613	hochdeutsch
1614	fernsehsprach
1615	ipod
1616	pod
1617	schatztrucke
1618	gschribe
1619	zahlecode
1620	schatz
1621	truh
1622	truhe
1623	poh
1624	patrol
1625	usprichsch
1626	MARSHALL
1627	dsch
1628	füürwehr
1629	hung
1630	RYDER
1631	hami
1632	wiehnacht
1633	vorhär
1634	sporttäsche
1635	gschänk
1636	glettise
1637	lockstab
1638	brucht
1639	bruuche
1640	gschafft
1641	stab
1642	clipper
1643	um
1644	drumwickle
1645	ufta
1646	ufä
1647	..........)
1648	nünedrissg
1649	achtedrissg
1650	ifahrt
1651	trottinette
1652	gibi
1653	gheihe
1654	stäge
1655	chume
1656	fahr
1657	erläbt
1658	zig
1659	drückt
1660	aghaute
1661	inechönne
1662	schlimmer
1663	drücksch
1664	hanis
1665	fahrter
1666	enttüschig
1667	blick
1668	bsueche
1669	lehre
1670	vollem
1671	mund
1672	schmunzelt
1673	erholt
1674	seufzt
1675	bio
1676	chemie
1677	KROATIE
1678	touche
1679	meeresbiologie
1680	fragi
1681	spottend
1682	kichern
1683	gähnt
1684	ahmt
1685	weinen
1686	weil
1687	mich
1688	anschaut
1689	GP1
1690	ihr
1691	sirupglas
1692	nimmt
1693	lachendes
1694	ungerbräche
1695	wirde
1696	dezember
1697	vierezwänzgi
1698	wässerig
1699	gueti
1700	st-
1701	plus
1702	moins
1703	transkribiere
1704	wünschet
1705	wieni
1706	für dass schöner chasch machä)
1707	NICE
1708	QUOTE
1709	kommt
1710	ins
1711	zimmer
1712	eingeschenkt
1713	glas
1714	auf
1715	UNVERSTÄNDLICH)
1716	informiere
1717	sozäge
1718	u:nd
1719	iverständniserklärige
1720	gnusch
1721	sägets
1722	dis
1723	beidi:
1724	un
1725	name
1726	ne:
1727	du::
1728	punkt
1729	totau
1730	bünzlischwizerin
1731	LACHT)
1732	muessi
1733	dämfau
1734	wohnet
1735	nume
1736	drü
1737	vonenang
1738	entfernt
1739	hautet
1740	chindheitsfründin
1741	ewig
1742	weme
1743	ufwachst
1744	achtzäni
1745	gli
1746	fertig
1747	nimi
1748	nü:m
1749	auzu
1750	ja:
1751	öie
1752	wit
1753	lä
1754	füfi
1755	woche
1756	sech
1757	LACHEND)
1758	so)
1759	zämegsetzt
1760	ängli:sch)
1761	änglisch
1762	wächsle
1763	üebe
1764	a'a's
1765	der
1766	one
1767	länge
1768	müed
1769	i:s
1770	bräche
1771	witz
1772	tschuudigung
1773	uffrüsche
1774	wennd
1775	tagtäglech
1776	redsch
1777	kennet
1778	diskussionsstoff
1779	verschidnigste
1780	theme
1781	ehrlech
1782	unbedingt
1783	ussortiert
1784	per
1785	zuefau
1786	finget
1787	blödi
1788	verwärfe
1789	re
1790	witere
1791	delete
1792	brüetsche
1793	wiud
1794	äutere
1795	jüngere
1796	u:
1797	machtstrukture
1798	ändere
1799	mitem
1800	auter
1801	gäu)
1802	irgendwenn
1803	grössi
1804	usschlaggebend
1805	euch
1806	schwoste
1807	tendenziell
1808	ungerschide
1809	konflikte
1810	löst
1811	überwäutige
1812	wirschs
1813	vermisse
1814	chönntet
1815	winke
1816	nächi
1817	zollikofe
1818	ittige
1819	nachbarin
1820	gid
1821	zieht
1822	gad
1823	tür
1824	schwo
1825	uszieht
1826	warte
1827	gids
1828	ellei
1829	wohne
1830	uszoge
1831	äuter
1832	hoffi
1833	s isch)
1834	schwierig
1835	sueche
1836	früeh
1837	e)r
1838	lust
1839	ers
1840	mittlerwile
1841	suechsch
1842	-)
1843	fra:g
1844	no)
1845	dasmau
1846	glücks
1847	glücksma
1848	definitiv
1849	öii
1850	these
1851	froue
1852	männer
1853	ghört
1854	steuet
1855	bsoffnige
1856	pilot
1857	gieng
1858	job
1859	chönnt
1860	verbinde
1861	schliesst
1862	negativspirale
1863	v
1864	viune
1865	merkt
1866	a:
1867	verstecke
1868	aukohouproblem
1869	fründeskreis
1870	fautsch
1871	d(a)sch
1872	so'
1873	sött
1874	hoffentlech
1875	wüus
1876	glustet
1877	ua:
1878	beidem
1879	dir:
1880	entdeckt
1881	sirupbueb
1882	verloffe
1883	pflichte
1884	wahrgno
1885	oa:
1886	lehrkraft
1887	chöit
1888	meint
1889	passiere
1890	kiffe
1891	problem
1892	chli:
1893	thematisiert
1894	site
1895	lehrchräft
1896	hänkes
1897	derzue
1898	i)sch
1899	usserhaub
1900	publiziere
1901	schuele
1902	sötti
1903	beachte
1904	fröhlechers
1905	thema
1906	öbs
1907	git:
1908	ou:
1909	dIr
1910	ech
1911	ehe
1912	hützutag
1913	bedütig
1914	sicherlech
1915	ufne
1916	usere
1917	perspektive
1918	früecher
1919	grosseutere
1920	aluegt
1921	ja:hre
1922	ersti
1923	begägnig
1924	nachdäm
1925	heiter
1926	gänderet
1927	generation
1928	säget
1929	dating
1930	apps
1931	tinder
1932	romantischi
1933	vorstellig
1934	bruchs
1935	öire
1936	nutze
1937	tabu
1938	kriterie
1939	mues
1940	talentshow
1941	me:
1942	kenni
1943	cartoon
1944	serie
1945	yes
1946	online
1947	chame
1948	ja'
1949	gern
1950	dem
1951	findi
1952	rückmeudig
1953	uftritt
1954	live
1955	performe
1956	würds
1957	emne
1958	trio
1959	dus
1960	uswändig
1961	lied
1962	top
1963	verborgnigi
1964	gheimnis
1965	singkarriere
1966	aktiv
1967	DAS
1968	wode
1969	verarschisch
1970	gwüss
1971	gwüsses
1972	täglech
1973	wuche
1974	lustigs
1975	ereignis
1976	wome
1977	priorisiere
1978	theater
1979	demfau
1980	schribet
1981	ougust
1982	dasch)
1983	klima
1984	debatte
1985	hui
1986	dergäge
1987	sechs
1988	eso
1989	stoff
1990	wett
1991	ungärn
1992	ungerbreche
1993	witerhin
1994	haute
1995	möchtet
1996	aktuell
1997	jugendleche
1998	schüeler
1999	schüelerinne
2000	e(ifa)ch
2001	ufstand
2002	ufsehe
2003	errege
2004	demos
2005	streiks
2006	diskussion
2007	pflanzlechi
2008	lösige
2009	interesse
2010	bevöukerig
2011	schneu
2012	absteue
2013	englischi
2014	wurzle
2015	australisch
2016	muetter
2017	eigentlich
2018	in
2019	bri
2020	brite
2021	gebore
2022	australie
2023	züglet
2024	auschtr
2025	bri_gebore
2026	sibni
2027	bruefsschueu
2028	verglich
2029	isches
2030	churz
2031	arbet
2032	stressig
2033	jammer
2034	iu
2035	rate
2036	chani
2037	schnure
2038	meinig
2039	mischig
2040	ungerstütze
2041	löschä
2042	lösä
2043	ik
2044	als
2045	konflikt
2046	brüederlechi
2047	ja:)
2048	stand
2049	usdiskutiere
2050	JA
2051	prüglet
2052	ich ha
2053	eich
2054	gwunne
2055	chunt
2056	drufa
2057	mitti
2058	acht
2059	drunger
2060	ungere
2061	chlinste
2062	ähnlech
2063	chliner
2064	position
2065	vori
2066	grundsätzlech
2067	agfange
2068	steue
2069	währenddäm
2070	hani(ne)
2071	useschicke
2072	funktioniert
2073	hoffe
2074	vierte
2075	lehrjahr
2076	finanziell
2077	möglech
2078	min
2079	situation
2080	nja
2081	bereut
2082	uszügle
2083	drü:
2084	suechen
2085	neue
2086	wohnig
2087	suecht
2088	ebe
2089	fründin
2090	einiges
2091	müesstisch
2092	sägä
2093	lacht)
2094	st
2095	vilech
2096	stimme
2097	na
2098	thes
2099	ufbout
2100	här
2101	ja::
2102	oberste
2103	welcher
2104	berufsgruppe
2105	findet
2106	man
2107	voraussichtlich
2108	den
2109	höchsten
2110	prozentsatz
2111	alkoholikern
2112	also
2113	überleget
2114	schlimmste
2115	brüef
2116	gastronomie
2117	nä:r
2118	hohi
2119	positione
2120	bruche
2121	die:
2122	hohem
2123	ärzt
2124	droge
2125	teamleader
2126	wahrschinlech
2127	en
2128	blickwinku
2129	welem
2130	bruef
2131	n
2132	aukoholiker
2133	fautschi
2134	gruppe
2135	sinne
2136	weit
2137	alkoholiker
2138	söttet
2139	sauce
2140	früech
2141	wüuis
2142	cocktail
2143	vougstopfet
2144	betrinke
2145	derna
2146	betrunke
2147	erinnere
2148	abgwäsche
2149	ding
2150	organisiert
2151	ner
2152	UFru:me
2153	bin
2154	ar
2155	wasserhahn
2156	dasses
2157	ablenkt
2158	richtigi
2159	möglechkeite
2160	nä'ä
2161	e:
2162	chürzlech
2163	komplett
2164	satt
2165	partner
2166	suechi
2167	ufghört
2168	bruchts
2169	eignet
2170	richtegi
2171	filter
2172	funktion
2173	gueten
2174	nähm
2175	fiuterfunktion
2176	zügs
2177	agä
2178	analogi
2179	wege
2180	zuestimme
2181	schlau
2182	e(i)fach
2183	ufga
2184	einigermasse
2185	hübsch
2186	sadischt
2187	sadistisch
2188	gäng
2189	ehm:
2190	säubstsüchtig
2191	liebste
2192	natürlich
2193	wien
2194	wieds
2195	bezeichnisch
2196	HINTERGRUNDGERÄUSCH)
2197	kategorie
2198	ghör
2199	swiss
2200	voice
2201	tour
2202	glouffe
2203	uffüerig
2204	usegfunge
2205	irgenden
2206	blödsinn
2207	singe
2208	pinky
2209	and
2210	the
2211	brain
2212	intro
2213	gsunge
2214	fingsch
2215	youtube
2216	zwöihundertfüfzg
2217	ufrüef
2218	drühundertsechsezwänzg
2219	lustig
2220	glichfaus
2221	füehles
2222	besti
2223	hed
2224	zur frou
2225	gseid
2226	franzose
2227	westschwizer
2228	besser
2229	u när)
2230	tu
2231	perdu
2232	rat
2233	back
2234	to
2235	looney
2236	tunes
2237	lächle
2238	kla::r
2239	huere
2240	geil
2241	erreicht
2242	jurys
2243	ärnst
2244	blöde
2245	geste
2246	UNVERSTÄNDLICH SINGEND IN ENGLISCH)
2247	güebt
2248	lorem
2249	ipsum
2250	innovativ
2251	fahne
2252	nation
2253	verarsche
2254	leider
2255	machi
2256	schribe
2257	üse
2258	eiget
2259	stück
2260	beschribig
2261	eigene
2262	g(a)d
2263	früehligsferie
2264	projektwoch
2265	houptcharakter
2266	beharre
2267	regu
2268	tueni
2269	outperforme
2270	diplomatie
2271	brueche
2272	hueren
2273	opfers
2274	kompensiere
2275	glichzitig
2276	härz
2277	priorität
2278	meiste
2279	prioriät
2280	wüu:
2281	umweut
2282	klimawandu
2283	drissgi
2284	vierzgi
2285	chlima
2286	vüu
2287	nöd
2288	master
2289	procrastinator
2290	professional
2291	bitzi
2292	musches
2293	bedütet
2294	nöcher
2295	theoretisch
2296	wenns
2297	rundum
2298	gaht
2299	witiste
2300	entfärnt
2301	planete
2302	dräit
2303	dräie
2304	distanz
2305	gfragt
2306	bedütisch
2307	schritt
2308	fleisch
2309	fleischkonsum
2310	mindere
2311	auternative
2312	abie
2313	vorschin
2314	energie
2315	umtusche
2316	nuklear
2317	spare
2318	best
2319	variante
2320	prio
2321	drufzahle
2322	plastik
2323	gebruchsplastik
2324	schrottwar
2325	schwiz
2326	wahnsinnig
2327	bringe
2328	löus
2329	HAUT AUF DEN TISCH)
2330	fingeni
2331	dir)
2332	streik
2333	sötsch
2334	entsprechend
2335	fachwüsse
2336	derbi
2337	seuber
2338	here
2339	vision
2340	vorgange
2341	werde
2342	schwach
2343	ITZ
2344	ufbringe
2345	serbie
2346	relativ
2347	aute
2348	serbische
2349	nachname
2350	schwizerischer
2351	chindergarte
2352	gliche
2353	gebäude
2354	näbenang
2355	erschte
2356	e:hm
2357	i:m
2358	dritte
2359	LACHEN)
2360	zistig
2361	länger
2362	zisti
2363	kurs
2364	zertifikat
2365	C1
2366	dämentsprächend
2367	beklage
2368	schlecht
2369	darfi
2370	ist
2371	wahrscheinlich
2372	häufigste
2373	paare
2374	beziehungen
2375	streiten
2376	dezue
2377	wüui
2378	beziehig
2379	zwöiti
2380	sollen
2381	kinder
2382	selbst
2383	lösen
2384	sollten
2385	eltern
2386	eingreifen
2387	jimmy
2388	so:
2389	manuel
2390	werum
2391	eh:
2392	poschtouto
2393	lösig
2394	du:
2395	witermachsch
2396	hingergedanke
2397	später
2398	alüte
2399	hei:
2400	erfahrige
2401	sammle
2402	gschadet
2403	hässig
2404	ungerstützig
2405	häresta
2406	izbezieh
2407	glöst
2408	u::
2409	o:
2410	fust
2411	o'o
2412	he
2413	wärs
2414	obere
2415	schwost
2416	gwöhnt
2417	konfliktfreudig
2418	achtzäh
2419	dragwöhne
2420	sägi
2421	ufmerksamkeit
2422	hockt
2423	bett
2424	DA
2425	haubstung
2426	zämezschisse
2427	ure
2428	passt
2429	störe
2430	duets
2431	gstritte
2432	stritet
2433	egoistisch
2434	ere
2435	zwöiezwänzg
2436	gwautsam
2437	ertrage
2438	demnächst
2439	mani
2440	logisch
2441	paranoid
2442	EG
2443	wäge
2444	ibrächer
2445	ja)am
2446	hang
2447	baukon
2448	garte
2449	der:
2450	jawohl
2451	ostsite
2452	westsite
2453	baukon:
2454	j:
2455	gäge
2456	hinge
2457	dran
2458	üsem
2459	block
2460	hüser
2461	läbt
2462	WG
2463	wuchenend
2464	chapeau
2465	kacke
2466	wede
2467	sövu
2468	züri
2469	bahn
2470	handumdrehe
2471	büro
2472	da(s i)sch
2473	u:::
2474	hocke
2475	näb
2476	normalerwis
2477	sini
2478	sach
2479	endi
2480	basiert
2481	arbeitsplatz
2482	IT
2483	ungervertrete
2484	abgseh
2485	bruefsbiudnerinne
2486	coaches
2487	mediamatikerinne
2488	füf
2489	type
2490	frou
2491	zwänzg
2492	würden
2493	meisten
2494	menschen
2495	wohl
2496	einen
2497	blindtest
2498	von
2499	einem
2500	fünfzig
2501	euro
2502	wein
2503	fünf
2504	unterscheiden
2505	können
2506	aukohou
2507	dès)
2508	gsehschs
2509	widegustationspersone
2510	taxifahrer
2511	stö
2512	hüfig
2513	höcherem
2514	druck
2515	irgendöppis
2516	coping
2517	seitme
2518	dütsch
2519	arbeitslos
2520	arbeit
2521	arbeitsgruppe
2522	definitive
2523	kandidat
2524	hützutags
2525	strass
2526	umelouft
2527	bänkli
2528	schlaft
2529	normale
2530	füftages
2531	su:fe
2532	KO
2533	umgheie
2534	mänti
2535	klischee
2536	wöu
2537	rein
2538	eventuell
2539	emau
2540	schluck
2541	mitstifte
2542	choche
2543	wük
2544	irgendwie)
2545	tiramisu
2546	chueche
2547	aukohoufreis
2548	rouche
2549	gruset
2550	gäg
2551	roucht
2552	grusigste
2553	trinkt
2554	wenig
2555	letschte
2556	mal
2557	egau:
2558	musch
2559	dana
2560	no(rmaler)wis
2561	nüme
2562	wahrschinech
2563	kater
2564	worschinlech
2565	toll
2566	druffe
2567	wunger
2568	reagiert
2569	zettel
2570	unterricht
2571	sind
2572	drogenfrei
2573	öbd
2574	bringt
2575	nit
2576	niemerem
2577	high
2578	schuplatz
2579	gse:
2580	beneblet
2581	nöchste
2582	scheidig
2583	scheide
2584	vorsteue
2585	scheidigsstatistike
2586	ufegange
2587	jahrzehnte
2588	schlächts
2589	begründet
2590	mitenang
2591	ou
2592	grund
2593	verhüratet
2594	chinder
2595	schwanger
2596	finanzielle
2597	hochzit
2598	party
2599	günstig
2600	fähler
2601	drissg
2602	la
2603	hängt
2604	dermit
2605	neui
2606	parship
2607	gsi:
2608	igendwie
2609	verlürt
2610	partnersuechi
2611	swiping
2612	reduziere
2613	night
2614	aktueller
2615	engagiere
2616	entscheide
2617	azau
2618	churze
2619	beziehige
2620	dramatisch
2621	erhöht
2622	öper
2623	neus
2624	bevor
2625	singles
2626	nöchi
2627	einzige
2628	armselig
2629	profiu
2630	gschminkt
2631	instagram
2632	fiuter
2633	wundervoui
2634	biografie
2635	kener
2636	zwe
2637	meter
2638	füfedrissg
2639	mindistens
2640	hundertzwänzg
2641	lüpfe
2642	erfougrich
2643	nebebeschäftigung
2644	app
2645	inträsse
2646	personalisierti
2647	stiu
2648	lebe
2649	gsundes
2650	ego
2651	süchtig
2652	sim
2653	eigete
2654	erstickt
2655	glachet
2656	wiu
2657	fest
2658	glacht
2659	iatme
2660	nei:
2661	finde
2662	öi
2663	witze
2664	amüsant
2665	dranne
2666	stärbe
2667	komplimänt
2668	beleidigung
2669	entschide
2670	öbi
2671	video
2672	show
2673	o:je
2674	sponsore
2675	schamgfüeu
2676	französisch
2677	w(e)rum
2678	ruhig
2679	atme
2680	ehrlich
2681	tut
2682	ufträte
2683	SEHR
2684	dankend
2685	abglehnt
2686	nei:nei:
2687	talent
2688	shows
2689	nüd
2690	thea
2691	liste
2692	vierti
2693	wau
2694	ha)
2695	uswähle
2696	uffüehred
2697	nei::
2698	gmischti
2699	GEIL
2700	finnisches
2701	voukslied
2702	internetsensation
2703	wöus
2704	wienis
2705	wörter
2706	kauderwelsch
2707	verzeue
2708	be
2709	bekanntist
2710	oje
2711	wunderet
2712	SINGT)
2713	kanon
2714	aller
2715	guten
2716	dinge
2717	tatsächlech
2718	uf)
2719	text
2720	umgwandlet
2721	me:hreri
2722	wele
2723	witzigi
2724	gschicht
2725	wis
2726	prinzip
2727	melodie
2728	e:ja
2729	jedefaus
2730	churzes
2731	gedicht
2732	stueu
2733	zämeboue
2734	härebecho
2735	bluetig
2736	gändet
2737	chas
2738	nenne
2739	stouz
2740	präsentiere
2741	dasi
2742	zwöuf
2743	nationauhymnene
2744	französischi
2745	version
2746	refrain
2747	holländische
2748	flagge
2749	vanuatu
2750	NIE
2751	jetz
2752	ergit
2753	nachecho
2754	sones
2755	unscharfs
2756	biud
2757	internet
2758	flaggene
2759	det
2760	zwöimau
2761	itrag
2762	uganda
2763	komische
2764	wunder
2765	weissis
2766	interessierts
2767	erklärig
2768	thea:tergruppe
2769	miuchstrass
2770	SUMMT)
2771	projekt
2772	eire
2773	skript
2774	vorbereite
2775	vertroue
2776	datum
2777	schicksch
2778	vergissischs
2779	wahrschinli
2780	roue
2781	trotzdem
2782	näh
2783	konkurrenz
2784	probiersch
2785	uszheble
2786	fuest
2787	diplomatisch
2788	vorzga
2789	weli
2790	grundschueu
2791	theaterevent
2792	???)
2793	üsere
2794	oberstuefe
2795	schüelerwächsu
2796	gsichter
2797	grossprojekt
2798	musical
2799	hybrid
2800	SCHLÄGT MIT DER HAND AUF DEN TISCH)
2801	theatergruppe
2802	permanent
2803	fakultativfach
2804	leute
2805	machen
2806	kleider
2807	jahresthema
2808	ghüder
2809	zämesammle
2810	ghüderseck
2811	ufenang
2812	gsteut
2813	gsammlet
2814	hitz
2815	längwiligi
2816	schueuzit
2817	trotz
2818	gwohnt
2819	sei
2820	dahingestellt
2821	beweggründ
2822	vorteilhaft
2823	säubstverständlech
2824	intressante
2825	themeschwung
2826	offizieu
2827	doktortitu
2828	know
2829	how
2830	lustigi
2831	ufgforderet
2832	kontroversi
2833	vonere
2834	eigntlech
2835	verschidene
2836	fragestellige
2837	konfrontiert
2838	zämehang
2839	fragestellig
2840	erde
2841	überlebenschance
2842	mönsche
2843	gäb
2844	umbringe
2845	rette
2846	irgendeme
2847	szenario
2848	mönschheit
2849	grosses
2850	witeri
2851	einehaub
2852	erreiche
2853	uswau
2854	entweder
2855	stirbt
2856	überlebe
2857	überlebt
2858	setzt
2859	gsamtheit
2860	umgekehrt
2861	beste
2862	lat
2863	ussert
2864	wäut
2865	grettet
2866	umbringt
2867	duuret
2868	schneust
2869	zure
2870	mönschefreie
2871	angerersits
2872	eskaliert
2873	ungerschid
2874	erhole
2875	irgendmau
2876	usserdem
2877	sta
2878	statistisch
2879	überfäuig
2880	vomne
2881	zerstörende
2882	asteroid
2883	unwahrschinlech
2884	planet
2885	zämeprau
2886	dinosaurier
2887	usstärbe
2888	vode
2889	astroide
2890	entstande
2891	mindestens
2892	viermau
2893	einzigs
2894	dervo
2895	verheerendi
2896	meini
2897	erhitze
2898	zerstöre
2899	jedi
2900	sekunde
2901	chance
2902	besteit
2903	grösser
2904	wahrschinlechkeit
2905	itrifft
2906	tuets
2907	regierig
2908	verschwige
2909	astronomie
2910	wüsseschaft
2911	astrologie
2912	sternzeiche
2913	offiziell
2914	bezeichne
2915	jehovas
2916	witnesses
2917	sekte
2918	jupiter
2919	eh::
2920	sunne
2921	abstand
2922	erdumloufbahn
2923	längi
2924	veränderet
2925	rütscht
2926	gwüsse
2927	ad
2928	antiklimawandukritiker
2929	ü
2930	wärmer
2931	füfzg
2932	dassme
2933	I
2934	heiss
2935	elon
2936	musk
2937	mars
2938	kolonialisiere
2939	cybertrucks
2940	staate
2941	ufhöre
2942	chohleenergie
2943	unterstütze
2944	teppich
2945	schiebe
2946	uslösche
2947	grüen
2948	langs
2949	technologie
2950	abfau
2951	chraftwerk
2952	wiederverwände
2953	interessant
2954	südamerika
2955	are
2956	universität
2957	studentin
2958	plas
2959	plastikvarant
2960	entwicklet
2961	kaktusfasere
2962	stabiu
2963	reguläres
2964	zersetzbar
2965	UNVERSTÄNDLECH)
2966	umwäutverschmutzig
2967	usserdäm
2968	initiative
2969	plastikröhrli
2970	bruchteil
2971	ozean
2972	grösst
2973	fischernetz
2974	fischer
2975	abschaffe
2976	migros
2977	plastiksack
2978	rappe
2979	kaktusvariante
2980	fördere
2981	abbout
2982	dünger
2983	angerne
2984	liechte
2985	stoffe
2986	sonderlech
2987	schoggitafle
2988	drituet
2989	kantene
2990	gebrauchsplastik
2991	plastiksäck
2992	gebruchsware
2993	houz
2994	mirs
2995	demonstriere
2996	palestinisch
2997	staat
2998	befreie
2999	ö
3000	passiv
3001	aggressivi
3002	briefe
3003	schicke
3004	lösigsvorschlag
3005	demo
3006	integriere
3007	umso
3008	lösigsvorschläg
3009	mensche
3010	einige
3011	ungerschidliche
3012	ungerschidlech
3013	sige
3014	verschiedene
3015	politische
3016	sichte
3017	formuliere
3018	schlussendlech
3019	innerhaub
3020	tofu
3021	schueuhus
3022	zäh
3023	sächsi
3024	unzite
3025	hock
3026	ussesiter
3027	bünzlischwizer
3028	lehr
3029	chürzer
3030	letschts
3031	muettersprachler
3032	bitz
3033	schade
3034	blau
3035	söttä
3036	--)
3037	schlimme
3038	jährigi
3039	erster
3040	linie
3041	hiuf
3042	erwachsene
3043	vowäge
3044	fisch
3045	fische
3046	gstorbe
3047	was?
3048	tod
3049	des
3050	stärkeren
3051	mitgschlage
3052	ebenerdig
3053	verschiedne
3054	hus
3055	weles
3056	luegt
3057	wohnt
3058	bärn
3059	jaja
3060	daheim
3061	ÖV
3062	dahäre
3063	weisses
3064	regumässig
3065	heigeit
3066	gloubes
3067	basislehrjahr
3068	deheim
3069	los
3070	achti
3071	acho
3072	bümpliz
3073	frauen
3074	mehr
3075	MIT
3076	keni
3077	gschlechter
3078	redi
3079	beides
3080	persönlech
3081	SBB
3082	gfärbte
3083	wisswi
3084	rotwi
3085	ungerscheide
3086	mass
3087	fläsche
3088	demit
3089	uskennt
3090	ch
3091	pris
3092	ungerschied
3093	wüklech
3094	professionell
3095	bösfahrer
3096	bi:tzi
3097	leiste
3098	medikament
3099	wettes
3100	eher
3101	vorurteilhaft
3102	töife
3103	jobs
3104	läbenssituation
3105	jedem
3106	solang
3107	nüchtern
3108	private
3109	nümm
3110	drichunnt
3111	verursache
3112	wo:
3113	schüsch
3114	ufezschoukle
3115	überschwappe
3116	näbem
3117	wuchenendi
3118	vorchunnt
3119	gschmack
3120	schins
3121	angerhaub
3122	wiglas
3123	gläärt
3124	heig)
3125	hingereglärt
3126	hue
3127	i ha äuä)
3128	himbeer
3129	a:::
3130	trurig
3131	bi:m
3132	dise
3133	nünte
3134	partys
3135	mittwuch
3136	donnstiabe
3137	abschiedsfest
3138	schüelerin
3139	kotzt
3140	kümmere
3141	chüble
3142	uso
3143	seine
3144	mau:
3145	bs
3146	nachwürkige
3147	spezifisch
3148	mitübercho
3149	höchschtens
3150	klischeehaft
3151	kolleg
3152	gymer
3153	ungerenang
3154	mein
3155	langjährigi
3156	partnerschaft
3157	fingt
3158	zunere
3159	glückleche
3160	füehrt
3161	wärt
3162	begägnet
3163	schneuer
3164	j::
3165	funktioniere
3166	schubladisiere
3167	anhand
3168	oberflächlechkeite
3169	quasi
3170	ablehne
3171	zuefäuig
3172	trifft
3173	nat
3174	natürlechi
3175	gägesitig
3176	nenenei
3177	suechkriterie
3178	ighaute
3179	wennis
3180	gwüssi
3181	erfüut
3182	off
3183	ursprünglech
3184	möchtsch
3185	gsungs
3186	ungsunds
3187	gsung
3188	ersticksch
3189	abemne
3190	stufe
3191	atmigsproblem
3192	überchunnsch
3193	chönnts
3194	stirbsch
3195	scham
3196	verschwinde
3197	würdet
3198	schöns
3199	duett
3200	awkward
3201	näbedran
3202	explodiert
3203	einzig
3204	theaterprojekt
3205	mimimimimimimimimimimimimimimi
3206	gmischte
3207	ufgno
3208	lieder
3209	müessemer
3210	ievan
3211	polkka
3212	bekannt
3213	dritt
3214	insider
3215	just
3216	wanted
3217	but
3218	this
3219	was)
3220	probierts
3221	komiker
3222	w
3223	gsuecht
3224	tscheggt
3225	valuatu
3226	hättschs
3227	tschegget
3228	verbunge
3229	vieri
3230	atlas
3231	übercho
3232	hingedinne
3233	ufglistet
3234	gliebt
3235	dänkes
3236	wül
3237	augemeinwüsse
3238	schicket
3239	uffüehrig
3240	gr
3241	gn:
3242	ungerschidlechi
3243	erwähnt
3244	schouspiler
3245	autor
3246	verschideni
3247	her
3248	märzwuche
3249	drüezwänzigst
3250	drissigste
3251	drüe
3252	viere
3253	füfe
3254	sächse
3255	sibenezwänzigst
3256	by
3257	destiny
3258	weicht
3259	schurke
3260	won
3261	spiut
3262	ni'
3263	schueutheater
3264	augemein
3265	oberstufe
3266	d)
3267	ER
3268	stouzi
3269	stouze
3270	excusez
3271	seck
3272	istigsprogramm
3273	z)
3274	isammle
3275	summerhitz
3276	luge
3277	klassezemekunft
3278	heisse
3279	ougste
3280	näch
3281	klassezämekunft
3282	gnervt
3283	programm
3284	fürd
3285	projektwuche
3286	erfahrig
3287	sorge
3288	sächzgi
3289	interessiere
3290	ö:
3291	läbi
3292	mönsch
3293	meister
3294	drin
3295	churzfristig
3296	bitzeli
3297	langfristig
3298	lokfüehrer
3299	pensioniert
3300	dringend
3301	knapp
3302	beende
3303	disi
3304	entscheidig
3305	as
3306	sterilisiere
3307	radioaktivität
3308	schn
3309	tot
3310	saturn
3311	itreffe
3312	danke
3313	moment
3314	himmu
3315	beobachte
3316	akt(.)
3317	fernrohr
3318	gsehsches
3319	horoskop
3320	bezeichnets
3321	schlaus
3322	ahja
3323	asteroide
3324	wägzieht
3325	gringeri
3326	bhouptet
3327	umloufbahne
3328	umloufbahn
3329	logik
3330	necher
3331	erhitzt
3332	gwappnet
3333	teslas
3334	mond
3335	schiesse
3336	heufe
3337	politiker
3338	amerika
3339	chönntsch
3340	ETH
3341	einiger
3342	wasserstoff
3343	tribstoff
3344	zapfsüle
3345	tank
3346	füue
3347	gfährlech
3348	outofirma
3349	abboubar
3350	pla
3351	sch
3352	hingernache
3353	oscho
3354	usmache
3355	meines
3356	wäutwit
3357	verdammt
3358	gäbig
3359	nützlech
3360	plastikstueu
3361	röhrli
3362	säckli
3363	wägwärfware
3364	usem
3365	unsterbleche
3366	materiau
3367	produziert
3368	biuig
3369	plasik
3370	gratissäckli
3371	vergliche
3372	klimademo
3373	verschiedeni
3374	agno
3375	nünenünzg
3376	prozent
3377	unglücklech
3378	zfride
3379	sötte
3380	uswürkige
3381	anstatt
3382	düredänkt
3383	hundertprozentig
3384	perfekti
3385	gä:
3386	nirgendwo
3387	importiere
3388	ersetze
3389	pflanzl
3390	pflanzlechs
3391	planzlechs
3392	eif
3393	fleischer
3394	fleischersatz
3395	gförderet
3396	bure
3397	beschäftige
3398	ALLE LACHEN)
3399	TÜRKLOPFEN)
3400	TÜRKNALLEN)
3401	gelächter)
3402	IM HINTERGRUND )
3403	mitenand
3404	LAUTE HINTERGRUNDGERÄUSCHE)
3405	VIDEO SPIELT IM HINTERGRUND)
3406	weimer
3407	umweltschutz
3408	schueuwäg
3409	oke
3410	ahni:g
3411	fast
3412	furious
3413	choufe
3414	harry
3415	potter
3416	viert
3417	füft
3418	kouft
3419	färnseh
3420	zwüse
3421	witerluege
3422	set
3423	ei(gentle)ch
3424	ürgend
3425	horror
3426	angst
3427	stört
3428	schlafe
3429	überall
3430	äh
3431	verarbeite
3432	schlaf
3433	tröimi
3434	verwachi
3435	schlafi
3436	black
3437	b
3438	bird
3439	box
3440	szene
3441	ischlaht
3442	wiener
3443	ähm
3444	abschlachte
3445	pfff
3446	dystopian
3447	science
3448	fiction
3449	wälte
3450	maze
3451	runner
3452	tribute
3453	panem
3454	usflüg
3455	hamer
3456	denkt
3457	ni:d
3458	wetti
3459	riche
3460	gsund
3461	zombie
3462	mutiere
3463	oft
3464	verkörpere
3465	shit
3466	katastrophal
3467	regt
3468	nachdenke
3469	roboterzüg
3470	chino
3471	albe
3472	roboter
3473	kassierer
3474	effizienter
3475	nachkomme
3476	muesses
3477	survival
3478	of
3479	fittest
3480	first
3481	who
3482	dies
3483	gantwortet
3484	snappe
3485	last
3486	christmas
3487	gugge
3488	ahso
3489	andere
3490	eigenlech
3491	halb
3492	irgendeinisch
3493	nachbare
3494	ähnleche
3495	alter
3496	wettsch
3497	schuelkollege
3498	anders
3499	zweck
3500	gsellschaftstanze
3501	auschtralie
3502	heige
3503	mc
3504	donalds
3505	schuelhus
3506	heig
3507	gnu
3508	mac
3509	verleide
3510	glustets
3511	verzellt
3512	schuel
3513	doku
3514	menne
3515	dumms
3516	experiment
3517	obme
3518	bezwecke
3519	dokter
3520	grösste
3521	cola
3522	large
3523	riesig
3524	übergä
3525	abbroche
3526	dürezie
3527	UNVRSTÄNDLICH)
3528	salat
3529	undersuecht
3530	zucker
3531	sosse
3532	blute
3533	fazit
3534	kalorie
3535	agäbe
3536	körper
3537	ufnimmt
3538	burger
3539	king
3540	KFC
3541	generell
3542	food
3543	issisch
3544	giuted
3545	subway
3546	gsünder
3547	tägleche
3548	basis
3549	intensiv
3550	pizza
3551	manis
3552	sandwich
3553	ui
3554	vieli
3555	ananas
3556	youtuber
3557	bestrafig
3558	meme
3559	wosi
3560	powerade
3561	blaue
3562	teigware
3563	gchochet
3564	strawberry
3565	tomatesosse
3566	näre
3567	erdbeer
3568	öppisem
3569	ɡnu
3570	erdbeeri
3571	pringles
3572	zitli
3573	pommes
3574	frites
3575	ketchup
3576	flavour
3577	öppert
3578	gässe
3579	ses
3580	grusig
3581	flavours
3582	krasse
3583	FLÜSTERT)
3584	unnötig
3585	dollar
3586	store)
3587	target
3588	jodel chindach?)
3589	berüehmt
3590	tiktok
3591	youtuberin
3592	tiktoker
3593	befründet
3594	will
3595	college
3596	googlet
3597	he's
3598	famous
3599	allem
3600	miranda
3601	sing
3602	verarscht
3603	sälber
3604	schminkt
3605	irgendes
3606	j
3607	sings
3608	fictional
3609	character
3610	contemporary
3611	erstens
3612	gsehs
3613	bewegige
3614	verrecke
3615	wärdene
3616	wobi
3617	doppusport
3618	ehnste
3619	herr
3620	mitmache
3621	tanze
3622	woner
3623	bodeturne
3624	nächst
3625	nägst
3626	numau
3627	akzeptiert
3628	allne
3629	then
3630	YOU
3631	need
3632	do
3633	that
3634	iche
3635	grüessech
3636	grüess
3637	lachet
3638	handbau
3639	lueg
3640	dusse
3641	markechleider
3642	t-shirt
3643	wette
3644	chosted
3645	achtzg
3646	stutz
3647	hellgrau
3648	schwitzisch
3649	glichligi
3650	marke
3651	usgit
3652	ufgregt
3653	meitli
3654	flügt
3655	ihn
3656	schönling
3657	chan
3658	fies
3659	lehrerschwarm
3660	chönntis
3661	ischätze
3662	verwirre
3663	endzg
3664	zwüsche
3665	vierzg
3666	färbt
3667	graue
3668	gsicht
3669	verglichsch
3670	läbenswisheite
3671	graui
3672	äner
3673	änds
3674	alt
3675	füfzgi
3676	söus
3677	derzueglehrt
3678	verschiednige
3679	mutatione
3680	lernziu
3681	striche
3682	lebensgschicht
3683	redt
3684	zeigt
3685	albinohas
3686	gfunde
3687	federe
3688	schneehase
3689	wiss
3690	weds
3691	teste
3692	vögu
3693	ifange
3694	chrüze
3695	emene
3696	aneme
3697	vogu
3698	hingernacherenne
3699	igfange
3700	tubene
3701	albinotube
3702	verwütscht
3703	vi
3704	sex
3705	hasst
3706	jo
3707	venedig
3708	rom
3709	friti
3710	vore
3711	italienisch
3712	bü
3713	machet
3714	früehlig
3715	reis
3716	göht
3717	ɡö
3718	prima
3719	gömer
3720	fire
3721	fie
3722	firenze
3723	toscana
3724	budapest
3725	spanie
3726	tessin
3727	EF-wuche
3728	florenz
3729	houptstadt
3730	alk
3731	kauft
3732	wiederhout
3733	tertia
3734	lebenssituation
3735	chanis
3736	nu
3737	alleini
3738	hu
3739	wüssts
3740	witerhout
3741	freifächler
3742	freifach
3743	arme
3744	latinisch
3745	ienisch
3746	italien
3747	italie
3748	schwerpunktfächler
3749	freiwiuig
3750	niene
3751	versteisch
3752	anderi
3753	wiene
3754	medizin
3755	studiere
3756	informatiker
3757	bh
3758	gsichtsforme
3759	gsesch
3760	wienes
3761	achtegg
3762	gsichtsform
3763	ne'nei
3764	gsichtform
3765	alles
3766	forme
3767	gschichtsstund
3768	ichecho
3769	häsli
3770	KÜNSTLICHES LACHEN)
3771	ne:i
3772	di:ng
3773	aff
3774	gnärvt
3775	husufgabe
3776	quarta
3777	kene
3778	tsja
3779	gymerlehrer
3780	praktikum
3781	major
3782	minor
3783	psychologie
3784	beidne
3785	schlussentlech
3786	unterrichte
3787	einzelni
3788	Ps
3789	chämti
3790	philosophiekrise
3791	pädagogik
3792	coolste
3793	diskutiersch
3794	steut
3795	thesene
3796	letschthin
3797	doktor
3798	zuekunft
3799	studiert
3800	begründe
3801	abratet
3802	studiersch
3803	schwöschter
3804	psychiater
3805	iga
3806	zwöitens
3807	suizid
3808	glandet
3809	sitene
3810	schlächte
3811	barriere
3812	schlechte
3813	gheisch
3814	efach
3815	zrüggzieh
3816	ts
3817	h
3818	distanziere
3819	afö
3820	abgschafft
3821	warnig
3822	weis
3823	verbunde
3824	usdrück
3825	emoji
3826	netflix
3827	mou:
3828	james
3829	corden
3830	cats
3831	hättsch
3832	mitzcho
3833	chunnts
3834	elf
3835	füfte
3836	ends
3837	januar
3838	chatz
3839	trailer
3840	typisch
3841	rebel
3842	wilson
3843	pitch
3844	perfect
3845	blondi
3846	geili
3847	jason
3848	derulo
3849	taylor
3850	swift
3851	cat
3852	lover
3853	chatze
3854	rollene
3855	apasst
3856	gfaue
3857	depri
3858	angersch
3859	erwachse
3860	loser
3861	singt
3862	depressive
3863	sänger
3864	allgemeine
3865	schouspieler
3866	berühmt
3867	agsteut
3868	england
3869	glynn
3870	agstellt
3871	offices
3872	shops
3873	verdiene
3874	mo
3875	partei
3876	rezo
3877	i:::
3878	ame
3879	proof
3880	vlogger
3881	gang
3882	alfie
3883	deyes
3884	daily
3885	ladt
3886	vlog
3887	vloggt
3888	schnidt
3889	schnidts
3890	selber
3891	findets
3892	alte
3893	vlogs
3894	tagebuech
3895	privati
3896	allgemeini
3897	shoppe
3898	brighton
3899	van
3900	teile
3901	gfiumet
3902	würkt
3903	drama
3904	freak
3905	wäglege
3906	zoella
3907	zoe
3908	sugg
3909	berüehmti
3910	nöijahr
3911	längers
3912	channels
3913	channel
3914	videos
3915	ufeladt
3916	challenges
3917	talkshows
3918	podcasts
3919	halt
3920	ufwändiger
3921	närve
3922	youtubers
3923	logan
3924	paul
3925	jake
3926	skandal
3927	wetts
3928	a:h
3929	spekulation
3930	dolan
3931	twins
3932	charles
3933	emma
3934	chamberlain
3935	sister
3936	squad
3937	gnannt
3938	friends
3939	häbt
3940	spekulatione
3941	zwöine
3942	ethan
3943	agluegt
3944	glächlet
3945	kommentär
3946	schnä
3947	tschudigung
3948	usenang
3949	i)schs
3950	zwillinge
3951	usraste
3952	kommentar
3953	alli
3954	irgendeso
3955	posted
3956	psychisch
3957	zyt
3958	psyche
3959	twitteret
3960	froh
3961	jemaus
3962	kenneglehrt
3963	responds
3964	aaron
3965	rumour
3966	zämehäng
3967	loht
3968	berüehmtheite
3969	kommentiere
3970	denke
3971	vergüdisch
3972	instasite
3973	öppertem
3974	berüehmtem
3975	null
3976	komma
3977	fans
3978	unnötigi
3979	stars
3980	unnötigs
3981	kommen
3982	bhaute
3983	rektion
3984	reaktion
3985	fan
3986	hasskommentär
3987	machenis
3988	gseuschaft
3989	abelade
3990	chind
3991	überwache
3992	verschtah
3993	gotte
3994	FMS
3995	ustuschjahr
3996	instragram
3997	abeglade
3998	whatsapp
3999	bild
4000	social
4001	media
4002	postet
4003	mei
4004	poliziste
4005	sicherheit
4006	soziale
4007	medie
4008	ufelade
4009	schuelhusgang
4010	ufhänke
4011	stuel
4012	chläbe
4013	grossmuetter
4014	poste
4015	bruches
4016	watcher
4017	player
4018	dave
4019	franco
4020	miete
4021	dütsche
4022	wüssti
4023	teen
4024	wolf
4025	amerikanische
4026	amerikanischi
4027	wil
4028	stories
4029	beklagt
4030	usgrastet
4031	schottland
4032	DVDs
4033	deheime
4034	cinderella
4035	disney
4036	filme
4037	pocahontas
4038	plattform
4039	blibt
4040	speziells
4041	verfilme
4042	heidi
4043	nils
4044	holgersson
4045	jö
4046	icheluege
4047	pumuckl
4048	shaun
4049	schaf
4050	pfuuh
4051	bär
4052	halbmond
4053	dernäbe
4054	rägebogebärli
4055	emily
4056	gschenkt
4057	schmöckt
4058	honigkuchenpferd
4059	not
4060	bubblegum
4061	meerjungfroue
4062	schwümme
4063	paw
4064	zueteilt
4065	mako
4066	H2O
4067	yakari
4068	gahni
4069	norm
4070	termin
4071	schribi
4072	wa
4073	willsch
4074	i ha
4075	büecher
4076	witerschnure
4077	père
4078	nüu
4079	dänk
4080	cha)sch
4081	letschtens
4082	tststs
4083	american
4084	sniper
4085	chriegsfium
4086	babyszene
4087	bébé
4088	unecht
4089	puppe
4090	KOMISCH
4091	horrorfiume
4092	im zäut
4093	blind
4094	birds
4095	verbundnige
4096	ouge
4097	umedingsle
4098	bo
4099	eig
4100	horrorfium
4101	han
4102	illegal
4103	jesus
4104	me:ga
4105	bispiel
4106	mirror
4107	komiste
4108	hocksch
4109	änderet
4110	verhaute
4111	versteit
4112	biuiger
4113	sölli
4114	sägemer
4115	beschtimmte
4116	zytspanni
4117	kassie:rer
4118	zerst
4119	usrä
4120	igä
4121	kasse
4122	usenäh
4123	schnursch
4124	mitne
4125	effektiver
4126	söui
4127	eigeti
4128	entwickle
4129	sklave
4130	behandlet
4131	that's
4132	robot
4133	nime
4134	vergisses
4135	geht
4136	nachteil
4137	däiche
4138	nebraska
4139	verleideter
4140	fä
4141	fähle
4142	nährstoff
4143	erwarte
4144	jop
4145	däich
4146	ungsung
4147	tuenis
4148	nimes
4149	br
4150	brot
4151	chäs
4152	giengi
4153	gsündste
4154	verschiednigs
4155	druftue
4156	verschiednis
4157	zausch
4158	gägeargument
4159	okey
4160	sauzigs
4161	süesses
4162	verwirrt
4163	isch)
4164	notwendig
4165	store
4166	walmart
4167	tar
4168	crazier
4169	ichoufe
4170	schwein
4171	sägemers
4172	wichtige
4173	tälentiert
4174	a'a'
4175	schiis
4176	fotos
4177	nachesteue
4178	perfekt
4179	usgrichtet
4180	motto
4181	nache
4182	real
4183	life
4184	versus
4185	irgende
4186	promi
4187	a'
4188	säubstverarschig
4189	komedy
4190	comedy
4191	morn
4192	tanz
4193	aschisse
4194	abga
4195	rastet
4196	chömm
4197	chöng
4198	socke
4199	bou:m
4200	fröit
4201	grätturne
4202	eigeni
4203	hett
4204	zwo
4205	starrt
4206	boa
4207	ougekontakt
4208	agstarrt
4209	help
4210	turnhaue
4211	garderob
4212	suffe
4213	laptop
4214	ufboue
4215	schneue
4216	gäuet
4217	definiert
4218	lachend
4219	hocki
4220	bed
4221	grätr
4222	hau
4223	dinghaue
4224	grätrum
4225	pföste
4226	chööt
4227	mithäufe
4228	hane
4229	tor
4230	ufsteue
4231	lieb
4232	stimmig
4233	übrigens
4234	UNVERSTÄNDLICH heisst doch er het s efach nume einisch wie einisch)
4235	mach
4236	gedanke
4237	tolle
4238	charakter
4239	bewärti
4240	sportlehrer
4241	IG
4242	gschätzt
4243	nüne
4244	mum
4245	verwirrend
4246	füfedrissgi
4247	risiko
4248	down
4249	syndrom
4250	dänkemer
4251	e(igentle)ch
4252	h)albinoamsle
4253	albinoamsle
4254	fötele
4255	erfahrt
4256	fucking
4257	amsle
4258	strich
4259	fäli
4260	schnee
4261	brun
4262	wiis
4263	albino
4264	gsunde
4265	wissi
4266	amslene
4267	fah
4268	albinoamslene
4269	überspringe
4270	uetedor
4271	uetedorf
4272	mühle
4273	tube
4274	lo
4275	li
4276	villecht
4277	apriu
4278	scheiss
4279	non
4280	würkli
4281	Italie
4282	bsüecherle
4283	lektione
4284	lol
4285	abschluss
4286	primaner
4287	auk
4288	adreiht
4289	weiter
4290	chlei
4291	aukohol
4292	terzia
4293	tüscht
4294	mitschüeler
4295	klugste
4296	schwerpunktfachreis
4297	ital
4298	frankrich
4299	wandtafele
4300	nö
4301	wörtli
4302	latinischwörtli
4303	stärkt
4304	selbstbewusstsein
4305	hilft
4306	bei
4307	anderen
4308	sprachen
4309	beispiel
4310	stuss
4311	verreckt
4312	gibt
4313	bessere
4314	noten
4315	schwerpunkt
4316	gsuech
4317	sprach
4318	vorteil
4319	vieregg
4320	tier
4321	verchlüpfts
4322	murmeli
4323	schiss
4324	gf
4325	praktikante
4326	anschinend
4327	lah
4328	strub
4329	praktika
4330	böse
4331	fächer
4332	arschstudium
4333	voustudium
4334	pf
4335	dont
4336	oberstufelehrer
4337	ungerrichte
4338	philosophie
4339	obwou
4340	einzel
4341	verschiednigi
4342	lehrere
4343	bau
4344	chäm
4345	sou
4346	pädagogikkrise
4347	gebornige
4348	philosoph
4349	philosophiere
4350	philosophe
4351	sichtwisene
4352	respekt
4353	beantworte
4354	mönschlechi
4355	spannenste
4356	begah
4357	mental
4358	starch
4359	überschrift
4360	emojis
4361	fake
4362	wahr
4363	fat
4364	amy
4365	oustraliere
4366	fingis
4367	komi
4368	talkshow
4369	mitspiele
4370	rihanna
4371	werbefründlech
4372	wärbige
4373	bechunnsch
4374	produkt
4375	zuegsendet
4376	klick
4377	ufwändigi
4378	julien
4379	bam
4380	shoote
4381	special
4382	effects
4383	schnide
4384	irgendwelchi
4385	beauty
4386	zeigsch
4387	konzept
4388	derhinger
4389	ungerschätzt
4390	privatsphäri
4391	kamera
4392	gfahr
4393	fiumt
4394	hanget
4395	rueh
4396	sörigi
4397	handle
4398	spezieus
4399	leuge
4400	querbeet
4401	interessiert
4402	mehrheitlech
4403	dütschsprachigi
4404	intressiert
4405	labere
4406	reactions
4407	wasi
4408	lets plays?)
4409	düregstige
4410	strit
4411	iverstange
4412	d)ass
4413	spekuliere
4414	üf
4415	überenang
4416	abläsch
4417	ablästere
4418	korrekt
4419	erwartisch
4420	chindergartemässig
4421	bedeckt
4422	wotti
4423	logischerwiis
4424	fausche
4425	privat
4426	grännet
4427	ungerstützt
4428	schuld
4429	rueder
4430	witergmacht
4431	spiele
4432	spieli
4433	spiu
4434	psycho
4435	ärnsthaft
4436	bestätigt
4437	usrasch
4438	wesch
4439	bessers
4440	analysiere
4441	irgendöpper
4442	wen
4443	meiniɡ
4444	hürat
4445	produktiv
4446	mean
4447	härzlech
4448	int
4449	schribt
4450	provozieres
4451	provoziere
4452	hautisch
4453	fingschs
4454	artiku
4455	fouged
4456	öine
4457	störts
4458	recht
4459	bezwifle
4460	druschöme
4461	lade
4462	hänke
4463	säute
4464	sorere
4465	ang
4466	usefinge
4467	usgsed
4468	bezwifles
4469	englische
4470	my
4471	britischi
4472	amerikaner
4473	chouft
4474	money
4475	taktik
4476	ächte
4477	nämes
4478	drab
4479	trickfium
4480	persone
4481	viech
4482	viecher
4483	somne
4484	wisse
4485	sofa
4486	weutau
4487	aliens
4488	plüschig
4489	plüschhung
4490	plüsch
4491	alien
4492	weutall
4493	zeiche
4494	pa'
4495	ranze
4496	bäre
4497	dinger
4498	buch
4499	verschiedefarbig
4500	glu
4501	maubiuder
4502	usgmaut
4503	dad
4504	dora
4505	fernseh
4506	meerjungfrau
4507	nöime
4508	what
4509	mitluege
4510	einsich
4511	meerjungma
4512	jesses
4513	bum
4514	yakari)
4515	gäbigste
4516	coucou
4517	HUSTEN)
4518	SEUZFT)
4519	SEUFZT
4520	SEUFZT)
4521	ERSTAUNTER AUSRUF)
4522	KÜNSTLICH VERLEGENES LACHEN)
4523	KAUGERÄUSCHE)
4524	HOLT LUFT)
4525	VERLEGENES LACHEN)
4526	GÄHNT)
4527	PUTZT DIE NASE)
4528	kussgeräusch
4529	ZIEHT LUFT EIN)
4530	HUSTET)
4531	GERÄUSCH)
4532	EKELGERÄUSCH)
4533	KAUT)
4534	ÜBELKEITSGERÄUSCH)
4535	LACHT VERLEGEN)
4536	PFF)
4537	SCHLAG)
4538	GP1 HAT GP2 KEKSE ANGEBOTEN)
4539	SCHLÄGE)
4540	schlag
4541	FINGERSCHNIPSEN)
4542	DUMPFES GERÄUSCH)
4543	lut
4544	dütlech
4545	stueuproblem
4546	hocker
4547	usfüeue
4548	verschidnigi
4549	öpis
4550	verzeuet
4551	autgriechische
4552	götter
4553	rossfäud
4554	iz
4555	spilet
4556	instrumänt
4557	tuba
4558	orchester
4559	ver
4560	leitets
4561	neu
4562	vatter
4563	neufäud
4564	ehhm
4565	irgendöpis
4566	wès
4567	ws
4568	geschicht
4569	bsunders
4570	schief
4571	ehrerundi
4572	machschs
4573	vorschleger
4574	gfüu
4575	schlafmanggo
4576	gah
4577	fändet
4578	schuu
4579	früe
4580	gsie
4581	grd
4582	mhmmm
4583	usgang
4584	chömmet
4585	eui
4586	haue
4587	eues
4588	auters
4589	letzte
4590	äue
4591	usbiudig
4592	eure
4593	kra
4594	desinteresse
4595	welne
4596	ghörsch
4597	närvigs
4598	störends
4599	ungerricht
4600	usgangs
4601	fraktion
4602	nim
4603	anonym
4604	überforderet
4605	wükech
4606	göt
4607	fründe
4608	aghänkt
4609	gwäut
4610	mm
4611	frouegruppe
4612	ufglade
4613	geiz
4614	zwöiehaub
4615	wüsst
4616	wärdet
4617	kunsthochschueu
4618	option
4619	eigentleche
4620	füraum
4621	studium
4622	dütschland
4623	günstiger
4624	ziviudienst
4625	abr
4626	würket
4627	eiglech
4628	realis
4629	bewusst
4630	bewusstsin
4631	müglech
4632	realistisch
4633	wükleche
4634	esch
4635	ungerscheidet
4636	generatione
4637	euem
4638	umfäud
4639	sowie
4640	faus
4641	politischer
4642	politischs
4643	fäud
4644	linggs
4645	informiert
4646	aktiver
4647	tagespolitischi
4648	abstimmige
4649	sensibilisiert
4650	tagespolitik
4651	beide
4652	feminismus
4653	gender
4654	transgender
4655	emanzipation
4656	bietet
4657	begägnigsorte
4658	konzärt
4659	klassik
4660	rap
4661	faber
4662	züridütsch
4663	ders
4664	letzti
4665	infos
4666	gseuschaftleche
4667	läset
4668	luget
4669	srf
4670	zitige
4671	wr
4672	nome
4673	stoppe
4674	fuck
4675	hätsch
4676	slang
4677	hättet
4678	ost
4679	ju
4680	ungerschribe
4681	sprachufnahm
4682	anonymisiert
4683	identität
4684	vertroulech
4685	ufnahm
4686	jederzit
4687	zrüg
4688	einezwänzigst
4689	jaa
4690	voujährig
4691	kläbt
4692	fingts
4693	isingüebige
4694	anderthaub
4695	hyperaktivs
4696	badi
4697	grendt
4698	autgriechischi
4699	ägyptischi
4700	gschnurrt
4701	tüechli
4702	agfründet
4703	ungergange
4704	dürmischlet
4705	schuechreis
4706	akrüzlet
4707	querflöte
4708	bläser
4709	flöte
4710	piccolo
4711	kompetänt
4712	leitet
4713	richtigs
4714	[...]
4715	minuspünkt
4716	chillig
4717	flexe
4718	jugendsprach
4719	träisch
4720	begabt
4721	pünkt
4722	gstartet
4723	immens
4724	akzäntfacharbeit
4725	novelle
4726	sabotiere
4727	math
4728	geballt
4729	test
4730	schlafmangu
4731	gses
4732	hobby
4733	ufrächterhaute
4734	badmington
4735	trainig
4736	nüni
4737	franzwörtli
4738	essay
4739	abgä
4740	ufgstange
4741	wuchenänd
4742	penni
4743	müeu
4744	zäni
4745	eufi
4746	whack
4747	bringsch
4748	chraft
4749	gäbe
4750	hobbys
4751	reihewis
4752	gsunke
4753	konzentriere
4754	wöi
4755	näbesach
4756	zäntrum
4757	gymerläbe
4758	hardcore
4759	schisst
4760	chömme
4761	house
4762	clubs
4763	bierhübeli
4764	gaschessu
4765	praktisch
4766	momou
4767	ispruch
4768	usgängertype
4769	harzer
4770	dschungu
4771	rave
4772	informatione
4773	indianerparty
4774	quer
4775	irgendwelche
4776	chäuer
4777	chlatsch
4778	verschidnige
4779	arte
4780	soziau
4781	mittupunkt
4782	auterssegmänt
4783	quartaner
4784	tertianer
4785	sy
4786	nerds
4787	gsamthaft
4788	übergangsphase
4789	gsy
4790	kem
4791	konntakt
4792	usbüti
4793	verändert
4794	jeder
4795	vibe
4796	level
4797	gvibet
4798	peaced
4799	offener
4800	azluege
4801	fang
4802	fraktionsübergrifend
4803	oho:
4804	ne:rds
4805	nätt
4806	agnähm
4807	sibte
4808	achte
4809	müe
4810	sitzordnig
4811	sitzte
4812	mess
4813	festi
4814	grüppelig
4815	schlechter
4816	dürmischter
4817	nächär
4818	dingslet
4819	grüppeli
4820	biudet
4821	abzspaute
4822	rächts
4823	wort
4824	gwächslet
4825	hundertprozäntig
4826	arbeite
4827	ufmüpfig
4828	schreie
4829	fö
4830	coole
4831	mathtest
4832	füfehaubi
4833	ghout
4834	leader
4835	sträberin
4836	abstämple
4837	komplet
4838	abgsonderet
4839	karriere
4840	fixiert
4841	dummi
4842	abgstämplet
4843	üssere
4844	note
4845	übergrifig
4846	verbracht
4847	sack
4848	gse
4849	eigeständigi
4850	verla
4851	wend
4852	satz
4853	lu
4854	grusigi
4855	ougebraue
4856	fuze
4857	huerre
4858	OBERHÄNSLI
4859	läck
4860	frässe
4861	balleret
4862	voukotzt
4863	einzu
4864	randständigi
4865	igla
4866	umetoure
4867	usserschuelisch
4868	schu
4869	abgstürzt
4870	cookies
4871	backe
4872	schö
4873	überzügt
4874	JEFFIM
4875	klassechat
4876	gmüet
4877	dumme
4878	chemielehrer
4879	vorbei
4880	ein
4881	zwei
4882	grade
4883	breit
4884	coolen
4885	vergessen
4886	klasse
4887	maturreis
4888	save
4889	lehne
4890	rise
4891	gschiss
4892	schreit
4893	übermacht
4894	heufti
4895	kenn
4896	LINUS
4897	FINN
4898	lustige
4899	spüchli
4900	abziet
4901	fräch
4902	schmeisst
4903	chätschi
4904	raus
4905	kaugummi
4906	schrei
4907	nicht
4908	muss
4909	umgange
4910	zrüggschribe
4911	war
4912	hause
4913	heute
4914	morgen
4915	verfügbar
4916	modi
4917	ufdringlech
4918	steizit
4919	DANA
4920	LIA
4921	bumsisch
4922	häb
4923	unverständlich
4924	wüsses
4925	nene
4926	euteri
4927	nünteler
4928	fms
4929	theaterstück
4930	asteit
4931	gechillt
4932	übermässig
4933	zwäcksgmeinschaft
4934	däne
4935	gfaut
4936	glücklech
4937	übergrifend
4938	sitze
4939	REMO
4940	böser
4941	stiue
4942	schisse
4943	bedrohend
4944	gmobt
4945	gnueg
4946	JOHANNA
4947	JELSA
4948	lästig
4949	gieli
4950	gmischlet
4951	giele
4952	ruhige
4953	soo
4954	schüch
4955	lö
4956	chille
4957	SARVANJA
4958	euterlech
4959	schüche
4960	tamile
4961	araber
4962	giu
4963	platonisch
4964	ziemlech
4965	modis
4966	gschlosse
4967	usser
4968	drüergruppe
4969	ufregender
4970	mische
4971	bizeli
4972	lager
4973	modizimmer
4974	stresst
4975	pennt
4976	verbote
4977	ufgladni
4978	plane
4979	wü
4980	überhopt
4981	plegere
4982	mittuwäg
4983	epfl
4984	fach
4985	maschine
4986	ragete
4987	ingenieur
4988	baz
4989	eth
4990	physik
4991	dümple
4992	fa
4993	praktike
4994	design
4995	ganu
4996	überleg
4997	konkuränz
4998	abartig
4999	konsi
5000	klavierlehrer
5001	frei
5002	argentinier
5003	russe
5004	konzärtpianiste
5005	tubist
5006	probier
5007	solo
5008	pianist
5009	gsägnet
5010	giger
5011	solistediplom
5012	solist
5013	enseble
5014	ewige
5015	jahre
5016	asturm
5017	auergröste
5018	traviata
5019	houptroue
5020	besetze
5021	lü
5022	polnische
5023	achzg
5024	hungerslohn
5025	ios
5026	biz
5027	talentiert
5028	pole
5029	ensemble
5030	begabti
5031	setze
5032	wüuds
5033	schaffsch
5034	setzisch
5035	problematisch
5036	übet
5037	superstar
5038	JONAS
5039	KAUFMANN
5040	neä
5041	steus
5042	fürs
5043	uszieh
5044	patriotischi
5045	bärner
5046	city
5047	irwie
5048	ustusch
5049	ustuschsemester
5050	paris
5051	fäng
5052	läbsch
5053	wg
5054	näbejob
5055	hät
5056	bock
5057	nöis
5058	fi
5059	jaaa
5060	abscheu
5061	grässlech
5062	zivi
5063	nützlechs
5064	vora
5065	usboue
5066	hiufschräft
5067	chliching
5068	autmönsche
5069	betreuig
5070	gäudverschwändig
5071	pure
5072	biudigseta
5073	kürzt
5074	miliarde
5075	türi
5076	jets
5077	aupe
5078	abstürze
5079	eigenützige
5080	siech
5081	schwöre
5082	raschte
5083	abwäge
5084	müglechst
5085	ufwand
5086	linggi
5087	bewegig
5088	wesentlech
5089	stercher
5090	gfüe
5091	way
5092	feministischi
5093	lingg
5094	flügu
5095	agressiver
5096	igschnappt
5097	fuggt
5098	DEBI
5099	NILS
5100	lingsextreme
5101	krei
5102	emanzipationssach
5103	schwuli
5104	toleranz
5105	defining
5106	ANNA
5107	MIKA
5108	ähh
5109	schwär
5110	intoleranz
5111	wachst
5112	enorm
5113	wachse
5114	rächtsextreme
5115	spannige
5116	extremer
5117	linggsextrem
5118	agressiv
5119	schüb
5120	jugendkrawall
5121	jugend
5122	politisch
5123	betrachte
5124	standpunkt
5125	schreckensort
5126	schwarz
5127	azündet
5128	oberland
5129	auti
5130	schrecke
5131	minere
5132	ohh
5133	drögeler
5134	krawall
5135	kabutt
5136	befasse
5137	ufs
5138	breite
5139	fäuder
5140	systemgägnerische
5141	kreise
5142	maga
5143	systemgägner
5144	krassi
5145	asichte
5146	obs
5147	kommunistischi
5148	anarchistischi
5149	antikapitalistischi
5150	schwecher
5151	partygänger
5152	gägner
5153	igsteut
5154	JANIS
5155	EVA
5156	JANNIS
5157	usrotte
5158	kommunistische
5159	system
5160	hotspots
5161	krasseri
5162	öffentlech
5163	anti
5164	lingge
5165	houptsächlech
5166	rächte
5167	trump
5168	supporter
5169	palästinenser
5170	dräcksaraber
5171	jude
5172	amis
5173	rutsch
5174	usgong
5175	hotspot
5176	trash
5177	erträgende
5178	kapitaliste
5179	ideologisch
5180	chreis
5181	überzügige
5182	kulturell
5183	dachstock
5184	rössli
5185	homies
5186	ums
5187	schl
5188	aspäkt
5189	trotzdäm
5190	drinn
5191	achzäh
5192	verkackte
5193	mojito
5194	luut
5195	hopsisch
5196	gspräch
5197	engagement
5198	progr
5199	euters
5200	publikum
5201	öffentlechi
5202	soziali
5203	pärkli
5204	schanze
5205	sunnti
5206	tschegge
5207	funkionierts
5208	funkts
5209	wahnsinns
5210	ufgfüert
5211	chammermusig
5212	lokal
5213	orchesterwärch
5214	synforchester
5215	biete
5216	tscheggts
5217	spiusch
5218	dinere
5219	dächu
5220	dj
5221	annenmaykanntereit
5222	wegen
5223	lisbeth
5224	februar
5225	wück
5226	ami
5227	hauestadion
5228	halle
5229	5
5230	ez
5231	gröste
5232	genre
5233	ungerdesse
5234	momentan
5235	hip
5236	hop
5237	houptsächleche
5238	dütsches
5239	kiz
5240	bärndütsches
5241	internationale
5242	törnt
5243	ahm
5244	facebook
5245	twitter
5246	sprüch
5247	houptmedium
5248	redit
5249	memes
5250	änd
5251	healthy
5252	wenigste
5253	zies
5254	kapple
5255	zuespame
5256	suff
5257	gnauer
5258	wichtigs
5259	nahlu
5260	abend
5261	ef
5262	präpositione
5263	gebildete
5264	hochstehende
5265	chummi
5266	asozialer
5267	männleche
5268	adressiere
5269	leben
5270	anglizisme
5271	apassti
5272	wüsset
5273	red
5274	ELA
5275	maximum
5276	asoziau
5277	ärnster
5278	herkunft
5279	thurgau
5280	schaffhausen
5281	penetrannts
5282	nenei
5283	unterschrift
5284	chumme
5285	ahhh
5286	gheit
5287	verkümmeret
5288	trumpete
5289	saxophon
5290	Herr
5291	angerem
5292	sire
5293	usbouts
5294	synfonieorchester
5295	fagott
5296	oboe
5297	mitgmacht
5298	öpe
5299	abwärts
5300	wiederhousch
5301	gmüetlecher
5302	tests
5303	zöite
5304	verdrängt
5305	schlafrhythmus
5306	apasse
5307	freizitaktivitäte
5308	kollidiere
5309	namittag
5310	öpisem
5311	aubes
5312	dervor
5313	vorhande
5314	freizit
5315	baut
5316	höre
5317	verfouge
5318	schutet
5319	würkech
5320	effektiv
5321	treit
5322	klasseabhängig
5323	letzt
5324	üser
5325	ablege
5326	musigfescht
5327	jüngeri
5328	jää
5329	schwauwis
5330	sträberinne
5331	sibti
5332	ehemalige
5333	abgleit
5334	bhautet
5335	bitzli
5336	geischtige
5337	veränderig
5338	asoziali
5339	asoziale
5340	sine
5341	[lacht)
5342	brave
5343	absolut
5344	verlouf
5345	abgschwecht
5346	füehle
5347	zueghörig
5348	nätte
5349	düe
5350	magic
5351	unbehoufe
5352	abgestzt
5353	LOU
5354	nig
5355	gfloge
5356	bache
5357	brownies
5358	störend
5359	probieres
5360	nätti
5361	mitläufer
5362	MORITZ
5363	LEON
5364	risse
5365	dünkts
5366	teilwis
5367	unsäglech
5368	franzlehrerin
5369	fra
5370	nein
5371	haben
5372	schon
5373	gestellt
5374	noch
5375	zweite
5376	beantworten
5377	masch
5378	sportlehrerin
5379	unser
5380	feld
5381	reserviert
5382	gehen
5383	hier
5384	richtg
5385	dürezoge
5386	gut
5387	ungloublech
5388	amacht
5389	leitig
5390	fragt
5391	überfordert
5392	göng
5393	versteits
5394	HECTOR
5395	sibteler
5396	plöi
5397	derlet
5398	miesi
5399	zmittag
5400	ap
5401	doppulektione
5402	stadt
5403	doppulektion
5404	ornig
5405	wahnsinnigs
5406	erläbnis
5407	lektion
5408	housch
5409	interview
5410	widerhout
5411	gflüchtet
5412	mitleid
5413	zmingst
5414	einzuperson
5415	wäuelängi
5416	stärbens
5417	zuesätzlech
5418	aschluss
5419	bestehende
5420	schwirgig
5421	KARL
5422	neja
5423	stressts
5424	wäri
5425	regle
5426	maturreise
5427	aukohouverbot
5428	hange
5429	studänteläbe
5430	füere
5431	studäntepartys
5432	NINO
5433	ru
5434	ruhmfahrts
5435	aerohydro
5436	aerohydrodynamik
5437	maschinebou
5438	NINA
5439	witzlos
5440	bewärbige
5441	bruefserfahrig
5442	schuleiter
5443	musigschu
5444	oberämmitau
5445	prozänt
5446	pänsum
5447	ämmitau
5448	erreichbar
5449	ostschwiz
5450	usbiudet
5451	pädagogischi
5452	mam
5453	uftritte
5454	ires
5455	verdient
5456	länder
5457	europa
5458	brilliant
5459	talänt
5460	arbeitskonditione
5461	beschwäre
5462	dankbar
5463	wetsch
5464	gschleglet
5465	arbeitisch
5466	setzte
5467	seschs
5468	läbensinhaut
5469	grossartige
5470	formatione
5471	niveau
5472	warsch
5473	TILL
5474	MAX
5475	gschwunge
5476	angererersits
5477	bequem
5478	chlin
5479	grösseri
5480	stedt
5481	chaotisch
5482	lausanne
5483	stage
5484	agnähmer
5485	gäbi
5486	dütschschwiz
5487	wäusche
5488	sudium
5489	amigs
5490	münche
5491	wohnsch
5492	abgnablet
5493	befristet
5494	diräkt
5495	militärspiu
5496	schöntsch
5497	unnötige
5498	probe
5499	musikalischer
5500	äbeni
5501	mäche
5502	profimusiker
5503	diräktionsusbiudig
5504	militärusbiudig
5505	höch
5506	agse
5507	konkuränzkampf
5508	gäbige
5509	bechum
5510	gschänkt
5511	bruefsperspektive
5512	erzoge
5513	realiste
5514	technischi
5515	digitali
5516	entwicklig
5517	dri
5518	idruck
5519	grossartigi
5520	wärfe
5521	irgendwelchne
5522	fakte
5523	schinfakte
5524	letztens
5525	LYDIA
5526	due
5527	checke
5528	bezwäcke
5529	hufe
5530	sobaud
5531	usse
5532	brass
5533	band
5534	rächti
5535	füfzäh
5536	uninteressiert
5537	extremismus
5538	tendiere
5539	schrecklechs
5540	usschritige
5541	rithaue
5542	bechume
5543	interessierter
5544	politischi
5545	viuem
5546	wahrschihnlech
5547	politisierig
5548	betribt
5549	wähle
5550	usnahm
5551	fürauem
5552	emantizipation
5553	kapitalismus
5554	sysr
5555	nang
5556	wöis
5557	ihrere
5558	blase
5559	kei
5560	politik
5561	verzichte
5562	verständnis
5563	gemein
5564	duet
5565	subvent
5566	heissts
5567	abgabe
5568	zeozwöi
5569	stüre
5570	erhöche
5571	schadet
5572	outofahre
5573	nähme
5574	spezieui
5575	itritt
5576	triffsch
5577	club
5578	zau
5579	chönntisch
5580	obd
5581	gratis
5582	METZGER
5583	mail
5584	grossvatter
5585	casino
5586	profiorchester
5587	bechumi
5588	ilad
5589	wäbeaktione
5590	wärbigung
5591	blächmusig
5592	nachricht
5593	wöui
5594	suech
5595	teilnämer
5596	lucky
5597	chobs
5598	chlinere
5599	chops
5600	usverchouft
5601	chlinneri
5602	internationali
5603	pop
5604	abelangt
5605	bärndütschs
5606	winis
5607	mitüberchumme
5608	tourbo
5609	wenigi
5610	pinterest
5611	tätigkeit
5612	entzug
5613	umeschicke
5614	lise
5615	augemeins
5616	zitig
5617	lisi
5618	tagesschou
5619	push
5620	nachrichte
5621	düreläse
5622	bechummi
5623	foug
5624	schutkanäu
5625	usgfaue
5626	sekunda
5627	schwöster
5628	verseiti
5629	bro
5630	geburtsort
5631	heimatort
5632	negativity
5633	bsuechter
5634	rebelliere
5635	ostschwizer
5636	erschreckt
5637	welet
5638	fahni
5639	ufgwachse
5640	langnou
5641	trueb
5642	chonufinge
5643	bäckerei
5644	männerdomäne
5645	detailhandu
5646	lehrsteue
5647	witerbiudig
5648	glichi
5649	ufd
5650	begleitet
5651	integriert
5652	göh
5653	höcher
5654	aja
5655	vorurteil
5656	lastwagefahrerin
5657	ehner
5658	gägeteu
5659	ähnlechs
5660	ungerschidlechs
5661	LACHT
5662	buret
5663	übernäh
5664	siter
5665	chärtli
5666	auerweuts
5667	fuu
5668	wäret
5669	chö
5670	FC
5671	DISFLUENCY)
5672	gunste
5673	rückmäudig
5674	dementsprechend
5675	absichtlech
5676	ge
5677	ziut
5678	lustigst
5679	ärnstist
5680	yvonnand
5681	VD
5682	8
5683	glohnt
5684	sandstrand
5685	coop
5686	vorem
5687	bahngleis
5688	abbiege
5689	gan-
5690	schueufach
5691	nachhinein
5692	verchouf
5693	marge
5694	rächne
5695	eigets
5696	gschäft
5697	würsch
5698	ufschlah
5699	lastwage
5700	erinneret
5701	positiv
5702	negativ
5703	oustralie
5704	erinnerisch
5705	dahei
5706	mitbringsch
5707	fahrte
5708	kanada
5709	vancouver
5710	wha
5711	brüchet
5712	telefoniere
5713	skype
5714	face
5715	apple
5716	facetime
5717	videotele
5718	foniere
5719	gue
5720	kreativsti
5721	entschuudigung
5722	vergässe
5723	usred
5724	öppedie
5725	igschliche
5726	termine
5727	dän
5728	dänket
5729	pin
5730	pinlech
5731	unagnähm
5732	zrüggdänket
5733	ade
5734	düet
5735	lösle
5736	abwächsle
5737	uslüfte
5738	merkes
5739	nimerem
5740	füuhsch
5741	zwüschdüre
5742	trinki
5743	aspä
5744	zitgfüeu
5745	pünktlechkeit
5746	geduud
5747	spiuts
5748	müesstet
5749	isteue
5750	mersch
5751	merksch
5752	autersungerschid
5753	regulär
5754	benäh
5755	schs
5756	arbeitsweut
5757	klimajugend
5758	närne
5759	phänomen
5760	dasss
5761	ischränke
5762	konsum
5763	lösche
5764	gäbt
5765	schwierigkeite
5766	brueflech
5767	vorussetzig
5768	usgläse
5769	jobsicherheit
5770	spruch
5771	ufgsteut
5772	wurmt
5773	lohndifferänze
5774	massiv
5775	arbeitserfahrig
5776	istigslohn
5777	lohn
5778	abgschlossne
5779	stu
5780	studänte
5781	gi
5782	bäckereie
5783	relative
5784	lehrlingslohn
5785	bsetze
5786	choste
5787	zähte
5788	bruefschueu
5789	bruefsjahr
5790	detailhandusfachfrou
5791	lehrsteu
5792	iigetlich
5793	schnuppere
5794	fahsch
5795	iigentlich
5796	sibete
5797	füfti
5798	sächsti
5799	hii
5800	usegä
5801	iigentlech
5802	gsiit
5803	füfzähni
5804	wiisi
5805	skills
5806	darum
5807	schwizermeisterschafte
5808	ahänksch
5809	betrib
5810	bärnlastig
5811	düechts
5812	glichligs
5813	chiubi
5814	giisch
5815	ländler
5816	abgschribe
5817	veiechli
5818	verhautisch
5819	wied
5820	siisch
5821	chömsch
5822	fründschaftskreise
5823	giit
5824	nidmau
5825	oberlangenegg
5826	wiiss
5827	mid
5828	f
5829	mids
5830	härezcho
5831	bou
5832	schaffisch
5833	hiissts
5834	räf
5835	rüedu
5836	gluub
5837	hätts
5838	wine
5839	abschätzig
5840	erstunt
5841	passe
5842	zwillingsschwost
5843	KV
5844	gmeind
5845	BM
5846	langethau
5847	nar
5848	applikationsentwicklere
5849	vierjährigi
5850	zwöne
5851	gärtner
5852	landschaftsgärtner
5853	miechi
5854	hiisst
5855	gläge
5856	überustalent
5857	juniorezite
5858	förderkader
5859	früsch
5860	gsundheitlech
5861	iiglech
5862	direkt
5863	briiche
5864	zwüschiche
5865	ärnsti
5866	gstürm
5867	krach
5868	iigetlech
5869	zäutli
5870	ghiise
5871	abschlussprüefig
5872	hurti
5873	wösche
5874	schueuordner
5875	giits
5876	LACHT )
5877	familieferie
5878	näbedrann
5879	dahiim
5880	bewege
5881	wid
5882	franz
5883	algebra
5884	settige
5885	detailhanduskenntnis
5886	prozänträchne
5887	settigs
5888	usb
5889	bruefsprüefig
5890	wirtschaft
5891	septämber
5892	usgwanderet
5893	bougschäft
5894	rästlechi
5895	umegreist
5896	nechi
5897	toronto
5898	meisch
5899	empfang
5900	übers
5901	dämlech
5902	ä'ä
5903	iifech
5904	chat
5905	mäng
5906	sowiso
5907	nüechtern
5908	doofi
5909	sächeli
5910	u:h
5911	wüud
5912	unüberliits
5913	fahrit
5914	chüü
5915	chömi
5916	iige
5917	abzlah
5918	luufi
5919	irgendöp
5920	hoger
5921	heisteut
5922	miine
5923	ligt
5924	heirite
5925	fahrsch
5926	cher
5927	maschsch
5928	dernah
5929	nächsts
5930	derzuechunnt
5931	iinglech
5932	alliini
5933	vorcho
5934	dassd
5935	gnosse
5936	locker
5937	wichtigste
5938	usegspüre
5939	lidescha
5940	lideschaft
5941	usegspürsch
5942	spätestens
5943	lehrabschlussprüefig
5944	weut
5945	azfah
5946	derewä
5947	siner
5948	ufcho
5949	gägenang
5950	läbensstiu
5951	hype
5952	ufgiit
5953	wandu
5954	nöiste
5955	afahsch
5956	iifach
5957	chindheit
5958	vergammlet
5959	useluuft
5960	erziehig
5961	löh
5962	lehris
5963	handwärklech
5964	irgendiinisch
5965	überliit
5966	überliisch
5967	ghiisse
5968	vermehrt
5969	ansta
5970	gstudiert
5971	witersch
5972	derwider
5973	höcklet
5974	versch
5975	bürozite
5976	drüfach
5977	körperlech
5978	abrackt
5979	schaffet
5980	überchömi
5981	nachteile
5982	lastwagechauffeuse
5983	spezieu
5984	letst
5985	lernende
5986	iich
5987	zwöits
5988	landi
5989	nächhere
5990	fachfrou
5991	betröig
5992	eigentle
5993	zweni
5994	rum
5995	manneproblem
5996	prüefigsstress
5997	bruchi
5998	gstosse
5999	tiiu
6000	schnupperwuchine
6001	schnuppertäg
6002	lehrbetrib
6003	produktion
6004	logistik
6005	kommissonierig
6006	verlad
6007	wärchstatt
6008	disposition
6009	mitga
6010	bruefsusbiudner
6011	theorie
6012	ersts
6013	fäu
6014	barstreet
6015	wichtrach
6016	klub
6017	mässig
6018	höchers
6019	settig
6020	iinisch
6021	chiem
6022	moonliner
6023	thun
6024	chere
6025	shuttle
6026	bus
6027	kaff
6028	getroue
6029	stuune
6030	negativs
6031	uuge
6032	erstuunt
6033	zuetrout
6034	tierpflegerin
6035	äutist
6036	sanitärmonteur
6037	muure
6038	räst
6039	burehof
6040	ischi
6041	nanny
6042	usega
6043	sunntig
6044	ifaut
6045	bebes
6046	beruhige
6047	zuenihm
6048	beruhigt
6049	schutte
6050	truebschache
6051	mannschaft
6052	gründet
6053	manne
6054	sumi
6055	beachparty
6056	volleybauspiu
6057	iine
6058	vorherig
6059	näbe
6060	ladig
6061	berächne
6062	ÜK
6063	bege
6064	spannset
6065	zurrgürt
6066	sichere
6067	wirdi
6068	tasmanie
6069	istig
6070	gastfamilie
6071	breicht
6072	vorsch
6073	vorgsteut
6074	beschrib
6075	organisation
6076	wouh
6077	gmuche
6078	stunge
6079	mäuche
6080	jöbli
6081	pair
6082	useputze
6083	völligst
6084	düecht
6085	gärtnere
6086	pflanze
6087	usschrisse
6088	quad
6089	chüe
6090	weid
6091	zuhne
6092	säubständig
6093	öh
6094	überetue
6095	zuetue
6096	verzögeret
6097	aruef
6098	button
6099	lutsprächer
6100	katastrophe
6101	stou
6102	handlet
6103	schribsch
6104	iinte
6105	momänte
6106	hiis
6107	chöö
6108	hiirite
6109	luufe
6110	zügig
6111	obeache
6112	danz
6113	sälü
6114	umbedingt
6115	wichtigi
6116	bruefswau
6117	antwort
6118	grössere
6119	abmachsch
6120	ufgfaue
6121	umgangswis
6122	wortwau
6123	merki
6124	fürenäme
6125	zueverlässlechkeit
6126	merkis
6127	mitstifti
6128	dritti
6129	rege
6130	wärche
6131	füdle
6132	siit
6133	firabe
6134	ändlech
6135	sportungerricht
6136	hoffes
6137	spätistens
6138	müehi
6139	chaste
6140	natel
6141	PC
6142	fremdne
6143	afig
6144	sos
6145	budget
6146	iphone
6147	wärch
6148	desumehocke
6149	abwächslig
6150	gsch
6151	Ort:
6152	Emmental,
6153	BE
6154	Langnau,
6155	Trub,
6156	Konolfingen,
6157	iich:
6158	'eigentlich'
6159	lautes
6160	Hintergrundgeräusch
6161	Wichtrach,
6162	Bern,
6163	Oberlangenegg,
6164	ischi:
6165	KV:
6166	Kaufmännische
6167	Lehre
6168	BM:
6169	Berufsmatura
6170	Langenthal,
6171	Berufsmaturität;
6172	nar:
6173	UNVERSTÄNDLICH),
6174	unklar,
6175	spricht
6176	Hintegrundgeräusch
6177	chö:
6178	Wortabbruch
6179	'chöit'
6180	Name:
6181	Langnau
6182	Trubschachen
6183	Sumi
6184	'Sumiswald,
6185	BE'
6186	Negationspartikel
6187	Yvonnand,
6188	NE
6189	ma:
6190	Campingplatz)
6191	la:
6192	wii:
6193	'wiiss'
6194	meiste:
6195	'meistens'
6196	i:
6197	ÜK:
6198	Übungskurs
6199	bege:
6200	Versprecher
6201	s:
6202	'säuber';
6203	m:
6204	Toronto,
6205	CAN
6206	Vancouver,
6207	wha:
6208	'whatsapp'
6209	mäng:
6210	'mängisch'
6211	ä:
6212	Person grüsst)
6213	dän:
6214	'dänke'
6215	pin:
6216	'pinlech'
6217	'aube'
6218	iige:
6219	'iigentlech'
6220	fa:
6221	'fahre'
6222	irgendöp:
6223	'irgendöpper'
6224	gäh
6225	aspä:
6226	'aspäkt'
6227	Kellnerin:
6228	fride
6229	'chönnt'
6230	GP2
6231	grüsst
6232	Gast
6233	Wortabbruch:
6234	ha:
6235	'handy'
6236	ansta:
6237	gäu:
6238	'gäud'
6239	versch:
6240	'verstah'
6241	lautes Hintergrundgeräusch)
6242	afo
6243	bow
6244	arrow
6245	mu
6246	schnell
6247	abeässe
6248	sympathisch
6249	fändis
6250	kolleginne
6251	minre
6252	konf
6253	champagner
6254	agstosse
6255	denk
6256	paari
6257	drang
6258	säg
6259	trinksch
6260	kind
6261	lauft
6262	sechste
6263	händli
6264	ghebt
6265	n'n
6266	lippe
6267	ober
6268	la:ng
6269	oberhaub
6270	ungerhaub
6271	öpfu
6272	chotzisch
6273	aschribt
6274	KLATSCHT)
6275	stopp
6276	gangi
6277	dur
6278	phase
6279	cybermobbing
6280	cyber
6281	gmobbt
6282	verzelle
6283	dünn
6284	curvy
6285	wemmer
6286	noni
6287	arsch
6288	fitness
6289	studio
6290	trainiersch
6291	zfriede
6292	alueget
6293	denksch
6294	hässlich
6295	mager
6296	magersüchtig
6297	dick
6298	ballett
6299	rosarote
6300	strümpf
6301	body
6302	verglicht
6303	kylie
6304	jenner
6305	bearbeite
6306	söttigi
6307	echt
6308	realität
6309	verstellt
6310	training
6311	süessigkeite
6312	mitgno
6313	söues
6314	igsammlet
6315	hunger
6316	gfährlich
6317	base
6318	auge
6319	isse
6320	stahni
6321	yeah
6322	nächene
6323	ohnmächtig
6324	erwartet
6325	azeiche
6326	schlank
6327	gfüut
6328	klimaschützer
6329	sterbe
6330	drogesüchtig
6331	nimme
6332	stirbi
6333	machsches
6334	vegetarisch
6335	tshirt
6336	stofftäsche
6337	dreckig
6338	umefahrt
6339	ernährig
6340	simmer
6341	furtschiesse
6342	nimmes
6343	jungs
6344	cheerleading
6345	wärsch
6346	ballet
6347	schwul
6348	obwohls
6349	zwischen
6350	jugendlichen
6351	frech
6352	grundlos
6353	döte
6354	döt
6355	ufwache
6356	zmorge
6357	decke
6358	steui
6359	gschirr
6360	abwäschmaschine
6361	tues
6362	irume
6363	gschirrli
6364	tasse
6365	pubertät
6366	usnütze
6367	rebellisch
6368	glob
6369	useschliche
6370	bestimme
6371	dihei
6372	bsuech
6373	gönd
6374	diheime
6375	ungnüegend
6376	siebe
6377	PPP
6378	verzeui
6379	giorgia
6380	mögliche
6381	old
6382	school
6383	nöier
6384	zwöitusiguvierzäh
6385	schwizerdütsch
6386	musigstil
6387	frog
6388	banane
6389	panna
6390	cotta
6391	tagesschueu
6392	raclette
6393	kotzet
6394	hassi
6395	lakritz
6396	freiwillig
6397	wür
6398	teller
6399	fenchel
6400	fenchu
6401	schmöcksch
6402	grosmuetter
6403	klitoris
6404	walk
6405	gotti
6406	schueuball
6407	asi
6408	stil
6409	lege
6410	soft
6411	girl
6412	härzigs
6413	leggi
6414	seriöser
6415	autmodisch
6416	style
6417	inspiriere
6418	bsteue
6419	brandy
6420	melville
6421	manor
6422	meist
6423	chouf
6424	bsteui
6425	schlegle
6426	akzeptiere
6427	sozsäge
6428	true
6429	bedütets
6430	einsam
6431	people
6432	can
6433	annoying
6434	nerve
6435	nervt
6436	würklich
6437	checkt
6438	groupstunt
6439	hemmer
6440	plötzlich
6441	crush
6442	tüemer
6443	nimms
6444	abg
6445	basaltest
6446	bestange
6447	grundet
6448	news
6449	lieblingsapp
6450	aktualisiere
6451	wocherück
6452	musically
6453	musicallys
6454	witzig
6455	tänz
6456	vines
6457	vine
6458	you
6459	handysüchtig
6460	jedere
6461	freie
6462	diheim
6463	erinnerungen
6464	chingheit
6465	chilles
6466	mallorca
6467	karibik
6468	flugzüg
6469	camarque
6470	südfrankrich
6471	ross
6472	sechsi
6473	fe
6474	witi
6475	aquafit
6476	bemerkt
6477	hassisch
6478	gredet
6479	power
6480	energy
6481	faut
6482	two
6483	normaue
6484	letsch
6485	ufschiesse
6486	mär
6487	nice
6488	freud
6489	beweglich
6490	stretch
6491	wennde
6492	pfil
6493	boge
6494	cheerschueh
6495	zueluege
6496	pirou
6497	dehne
6498	spagat
6499	dehnt
6500	unagnehm
6501	front
6502	schwizere
6503	ufgang
6504	lip
6505	pech
6506	flyer
6507	vieresechzg
6508	durchschnitt
6509	stunte
6510	einehalb
6511	chöpf
6512	drüesibezg
6513	mehrere
6514	senior
6515	elite
6516	allgirl
6517	c
6518	four
6519	gmischt
6520	routine
6521	pyramide
6522	dreihig
6523	wiviu
6524	znacht
6525	normauerwis
6526	witermache
6527	wahrschindlech
6528	keis
6529	spotter
6530	saision
6531	wän
6532	double
6533	härzigi
6534	figur
6535	schwer
6536	captain
6537	halloween
6538	about
6539	have
6540	spiegu
6541	titte
6542	aglängt
6543	bugs
6544	coache
6545	snap
6546	gadded
6547	cringe
6548	levels
6549	arrogant
6550	usgsehsch
6551	jury
6552	saison
6553	cap
6554	lästeret
6555	nett
6556	regts
6557	mitrede
6558	fühl
6559	cheer
6560	mitbringt
6561	egge
6562	plötz
6563	heimers
6564	warum
6565	güetzele
6566	bilder
6567	schönried
6568	random
6569	vid
6570	lese
6571	kapitu
6572	glese
6573	awende
6574	konjugiere
6575	lieblingsfach
6576	PP
6577	BG
6578	zeichne
6579	bewertet
6580	abzeichnigsüebige
6581	usechunnt
6582	expressionistisch
6583	selbstportrait
6584	drüegg
6585	oval
6586	gsplittet
6587	oug
6588	chinderzeichnig
6589	dicke
6590	pinsle
6591	fausch
6592	intervaue
6593	checkes
6594	hiufsch
6595	errate
6596	farb
6597	M&M
6598	gäub
6599	werdes
6600	gin
6601	lets
6602	drunk
6603	stundeplan
6604	study
6605	plan
6606	problemorientierte
6607	pos
6608	geräteturnen
6609	tumbling
6610	oha
6611	iglade
6612	hornets
6613	nonig
6614	grow
6615	würs
6616	muskulös
6617	grüeft
6618	wärdis
6619	behinderet
6620	wemme
6621	ufecho
6622	sym
6623	tumble
6624	starte
6625	coach
6626	gägebase
6627	kommentieren
6628	oberkörperfrei
6629	röckli
6630	candy
6631	froge
6632	heb
6633	fresse
6634	uniform
6635	gahts
6636	stalki
6637	schnäpsli
6638	ka
6639	ahning
6640	stockbsoffe
6641	langwilig
6642	hemmers
6643	kuss
6644	tutorials
6645	neigst
6646	deinen
6647	kopf
6648	nasen
6649	zusammendrücken
6650	muu
6651	checki
6652	mobbing
6653	schönheitsideale
6654	brüst
6655	post
6656	schuud
6657	schönheitsideau
6658	models
6659	spot
6660	vorstelle
6661	klimawandel
6662	setzi
6663	beschäftigts
6664	betrifft
6665	vegetarierin
6666	chocht
6667	spaghetti
6668	vegi
6669	flexitarier
6670	wärme
6671	läär
6672	leb
6673	männlich
6674	beha
6675	behandle
6676	unfair
6677	verteidige
6678	wehre
6679	abemache
6680	schlimms
6681	heg
6682	agloge
6683	häufig
6684	genutzte
6685	schwör
6686	süs
6687	eme
6688	gahn
6689	lieblingsmusik
6690	R'n'B
6691	losi
6692	native
6693	stile
6694	alle
6695	lieben
6696	erlebnis
6697	hotdog
6698	erbreche
6699	thon
6700	rosechou
6701	liebes
6702	überbache
6703	frauenstreik
6704	kleidungsstile
6705	phasen
6706	vestah
6707	legge
6708	lasch
6709	aleisch
6710	choufsch
6711	zalando
6712	rechnig
6713	einschreiten
6714	schlägerei
6715	frömde
6716	nerven
6717	grüesse
6718	chömer
6719	überschlag
6720	schule
6721	schliessfach
6722	schwierigste
6723	dassis
6724	drüezwänzg
6725	achtevierzg
6726	fettig
6727	grössti
6728	alehne
6729	ägypte
6730	nigeria
6731	österich
6732	holland
6733	jamaica
6734	ibiza
6735	überfloge
6736	gramme
6737	agschisse
6738	ghofft
6739	überrascht
6740	klappt
6741	nervts
6742	seven
6743	ufepusht
6744	hes
6745	überascht
6746	toss
6747	höchst
6748	five
6749	six
6750	eight
6751	nimm
6752	schlittschueh
6753	sechsesibezg
6754	mäntig
6755	donnsti
6756	zitteret
6757	positions
6758	abghobe
6759	sponsorealass
6760	debi
6761	geiler
6762	heschs
6763	gfühlt
6764	erne
6765	fie::s
6766	tattoist
6767	lisisch
6768	weisse
6769	kunstfach
6770	strichmä
6771	strichmännli
6772	kanusport
6773	geile
6774	igschribe
6775	älter
6776	gym
6777	folgsch
6778	hü
6779	beast
6780	drüezwänzgi
6781	meints
6782	vorzugt
6783	snatch
6784	KLATSCHEN)
6785	M&Ms RASCHELN IN SCHÜSSEL)
6786	TÜR GEHT AUF)
6787	eu
6788	brucheter
6789	liecht
